rep,source_root,phase,dataset,mode,baseline,seed,path,n_requests,mean_latency_ms,p50_latency_ms,p95_latency_ms,p99_latency_ms,throughput_rps,prompt_tokens_total,total_tokens_total,cached_tokens_total_response_usage,vllm_prefix_cache_queries_delta,vllm_prefix_cache_hits_delta,vllm_prompt_tokens_cached_delta,vllm_local_cache_hit_tokens_delta,gpu_energy_j,idle_adjusted_gpu_energy_j,gpu_joules_per_request,idle_adjusted_joules_per_request,gpu_joules_per_prompt_token,energy_source,energy_error,admission_controller_enabled,admission_selected_preset,admission_allow_total,admission_bypass_total,admission_write_through_bypass_total,admission_bypass_store_successes
1,/home/jade_hand/research/shadowkv/results_vllm_qwen32b_no_cache_apc_overlay_energy_2026-06-03,full,ag_news,rag,vllm_apc,42,/home/jade_hand/research/shadowkv/results_vllm_qwen32b_no_cache_apc_overlay_energy_2026-06-03/full/ag_news/rag/vllm_apc/benchmark_vllm_apc_Qwen_Qwen2_5-32B-Instruct_public_dataset_ag_news_rag.json,256,52.5574826169759,51.566622918471694,54.1416157502681,62.43415437638757,19.026786486097855,41243,41499,0,41243.0,25344.0,25344.0,25344.0,7011.261,5692.129472365195,27.38773828125,22.234880751426545,0.16999881191959848,nvml,,False,balanced,0,0,0,0
1,/home/jade_hand/research/shadowkv/results_vllm_qwen32b_no_cache_apc_overlay_energy_2026-06-03,full,ag_news,rag,vllm_apc_shadowkv_plus,42,/home/jade_hand/research/shadowkv/results_vllm_qwen32b_no_cache_apc_overlay_energy_2026-06-03/full/ag_news/rag/vllm_apc_shadowkv_plus/benchmark_vllm_apc_shadowkv_plus_Qwen_Qwen2_5-32B-Instruct_public_dataset_ag_news_rag.json,256,52.27168302371865,51.781561924144626,54.22599648591131,58.30823723226779,19.13081695774446,41243,41499,0,41243.0,25344.0,25344.0,25344.0,6983.126,5641.035659564451,27.2778359375,22.035295545173636,0.1693166355502752,nvml,,True,low_latency,255,1,1,1
1,/home/jade_hand/research/shadowkv/results_vllm_qwen32b_no_cache_apc_overlay_energy_2026-06-03,full,ag_news,rag,vllm_no_cache,42,/home/jade_hand/research/shadowkv/results_vllm_qwen32b_no_cache_apc_overlay_energy_2026-06-03/full/ag_news/rag/vllm_no_cache/benchmark_vllm_no_cache_Qwen_Qwen2_5-32B-Instruct_public_dataset_ag_news_rag.json,256,61.70035854484013,61.277779284864664,63.615639111958444,73.46522794105093,16.207361246908473,41243,41499,0,0.0,0.0,0.0,0.0,9444.189,7952.595115032557,36.89136328125,31.064824668095927,0.2289888950852266,nvml,,False,balanced,0,0,0,0
1,/home/jade_hand/research/shadowkv/results_vllm_qwen32b_no_cache_apc_overlay_energy_2026-06-03,full,ag_news,templated,vllm_apc,42,/home/jade_hand/research/shadowkv/results_vllm_qwen32b_no_cache_apc_overlay_energy_2026-06-03/full/ag_news/templated/vllm_apc/benchmark_vllm_apc_Qwen_Qwen2_5-32B-Instruct_public_dataset_ag_news_templated.json,256,52.830480997727136,52.00776783749461,54.69307512976229,62.36693875398483,18.92846669412345,38427,38683,0,38427.0,22000.0,22000.0,22000.0,7027.306,5706.556313238776,27.4504140625,22.29123559858897,0.18287417701095582,nvml,,False,balanced,0,0,0,0
1,/home/jade_hand/research/shadowkv/results_vllm_qwen32b_no_cache_apc_overlay_energy_2026-06-03,full,ag_news,templated,vllm_apc_shadowkv_plus,42,/home/jade_hand/research/shadowkv/results_vllm_qwen32b_no_cache_apc_overlay_energy_2026-06-03/full/ag_news/templated/vllm_apc_shadowkv_plus/benchmark_vllm_apc_shadowkv_plus_Qwen_Qwen2_5-32B-Instruct_public_dataset_ag_news_templated.json,256,52.27566129542538,52.04731784760952,54.46755746379495,58.69006093125785,19.129361068216838,38427,38683,0,38427.0,22000.0,22000.0,22000.0,7013.614,5635.443921239782,27.3969296875,22.0134528173429,0.18251786504280842,nvml,,True,low_latency,255,1,1,1
1,/home/jade_hand/research/shadowkv/results_vllm_qwen32b_no_cache_apc_overlay_energy_2026-06-03,full,ag_news,templated,vllm_no_cache,42,/home/jade_hand/research/shadowkv/results_vllm_qwen32b_no_cache_apc_overlay_energy_2026-06-03/full/ag_news/templated/vllm_no_cache/benchmark_vllm_no_cache_Qwen_Qwen2_5-32B-Instruct_public_dataset_ag_news_templated.json,256,60.64299878926249,60.6447015888989,62.132644932717085,65.70746577344832,16.489949705077265,38427,38683,0,0.0,0.0,0.0,0.0,9249.444,7738.550601540892,36.130640625,30.22871328726911,0.24070169412132095,nvml,,False,balanced,0,0,0,0
1,/home/jade_hand/research/shadowkv/results_vllm_qwen32b_no_cache_apc_overlay_energy_2026-06-03,full,daily_dialog,rag,vllm_apc,42,/home/jade_hand/research/shadowkv/results_vllm_qwen32b_no_cache_apc_overlay_energy_2026-06-03/full/daily_dialog/rag/vllm_apc/benchmark_vllm_apc_Qwen_Qwen2_5-32B-Instruct_public_dataset_daily_dialog_rag.json,256,52.37463638331974,50.98157189786434,60.74369139969349,64.34578322805464,19.093211314751574,50606,50862,0,50606.0,33664.0,33664.0,33664.0,7057.486,5750.352525040533,27.5683046875,22.46231455093958,0.13945947120894756,nvml,,False,balanced,0,0,0,0
1,/home/jade_hand/research/shadowkv/results_vllm_qwen32b_no_cache_apc_overlay_energy_2026-06-03,full,daily_dialog,rag,vllm_apc_shadowkv_plus,42,/home/jade_hand/research/shadowkv/results_vllm_qwen32b_no_cache_apc_overlay_energy_2026-06-03/full/daily_dialog/rag/vllm_apc_shadowkv_plus/benchmark_vllm_apc_shadowkv_plus_Qwen_Qwen2_5-32B-Instruct_public_dataset_daily_dialog_rag.json,256,52.51388840042637,50.96438992768526,60.967686818912625,64.13450192194432,19.04258150481732,50606,50862,0,50606.0,33664.0,33664.0,33664.0,7056.973,5713.949579392986,27.56630078125,22.320115544503853,0.13944933407105878,nvml,,True,low_latency,255,1,1,1
1,/home/jade_hand/research/shadowkv/results_vllm_qwen32b_no_cache_apc_overlay_energy_2026-06-03,full,daily_dialog,rag,vllm_no_cache,42,/home/jade_hand/research/shadowkv/results_vllm_qwen32b_no_cache_apc_overlay_energy_2026-06-03/full/daily_dialog/rag/vllm_no_cache/benchmark_vllm_no_cache_Qwen_Qwen2_5-32B-Instruct_public_dataset_daily_dialog_rag.json,256,65.38521712172951,63.04523651488125,84.03250342234969,85.16898243688046,15.293976896004974,50606,50862,0,0.0,0.0,0.0,0.0,10024.165,8318.589115699533,39.15689453125,32.4944887332013,0.19808253961980796,nvml,,False,balanced,0,0,0,0
1,/home/jade_hand/research/shadowkv/results_vllm_qwen32b_no_cache_apc_overlay_energy_2026-06-03,full,daily_dialog,templated,vllm_apc,42,/home/jade_hand/research/shadowkv/results_vllm_qwen32b_no_cache_apc_overlay_energy_2026-06-03/full/daily_dialog/templated/vllm_apc/benchmark_vllm_apc_Qwen_Qwen2_5-32B-Instruct_public_dataset_daily_dialog_templated.json,256,52.95889851367974,51.01849744096398,61.26535846851766,64.53352670650929,18.882567954877146,46766,47022,0,46766.0,29584.0,29584.0,29584.0,7082.975,5746.7288922609105,27.66787109375,22.44815973539418,0.15145565154171836,nvml,,False,balanced,0,0,0,0
1,/home/jade_hand/research/shadowkv/results_vllm_qwen32b_no_cache_apc_overlay_energy_2026-06-03,full,daily_dialog,templated,vllm_apc_shadowkv_plus,42,/home/jade_hand/research/shadowkv/results_vllm_qwen32b_no_cache_apc_overlay_energy_2026-06-03/full/daily_dialog/templated/vllm_apc_shadowkv_plus/benchmark_vllm_apc_shadowkv_plus_Qwen_Qwen2_5-32B-Instruct_public_dataset_daily_dialog_templated.json,256,52.59931406544638,51.239444175735116,60.76273135840893,63.8464068993926,19.011654767127876,46766,47022,0,46766.0,29584.0,29584.0,29584.0,7126.072,5726.9883166634,27.83621875,22.371048111966406,0.15237719710901082,nvml,,True,low_latency,255,1,1,1
1,/home/jade_hand/research/shadowkv/results_vllm_qwen32b_no_cache_apc_overlay_energy_2026-06-03,full,daily_dialog,templated,vllm_no_cache,42,/home/jade_hand/research/shadowkv/results_vllm_qwen32b_no_cache_apc_overlay_energy_2026-06-03/full/daily_dialog/templated/vllm_no_cache/benchmark_vllm_no_cache_Qwen_Qwen2_5-32B-Instruct_public_dataset_daily_dialog_templated.json,256,63.38810125635064,61.66702718473971,82.9917099326849,85.01148533541709,15.775831428612376,46766,47022,0,0.0,0.0,0.0,0.0,9750.711,8121.724436017403,38.08871484375,31.72548607819298,0.2085,nvml,,False,balanced,0,0,0,0
1,/home/jade_hand/research/shadowkv/results_vllm_qwen32b_no_cache_apc_overlay_energy_2026-06-03,full,dolly,rag,vllm_apc,42,/home/jade_hand/research/shadowkv/results_vllm_qwen32b_no_cache_apc_overlay_energy_2026-06-03/full/dolly/rag/vllm_apc/benchmark_vllm_apc_Qwen_Qwen2_5-32B-Instruct_public_dataset_dolly_rag.json,256,54.260459346551215,50.44835642911494,65.47503778710961,82.58161209523676,18.42962650966868,47431,47687,0,47431.0,29712.0,29712.0,29712.0,7284.269,5926.615928866641,28.45417578125,23.150843472135318,0.15357612110223273,nvml,,False,balanced,0,0,0,0
1,/home/jade_hand/research/shadowkv/results_vllm_qwen32b_no_cache_apc_overlay_energy_2026-06-03,full,dolly,rag,vllm_apc_shadowkv_plus,42,/home/jade_hand/research/shadowkv/results_vllm_qwen32b_no_cache_apc_overlay_energy_2026-06-03/full/dolly/rag/vllm_apc_shadowkv_plus/benchmark_vllm_apc_shadowkv_plus_Qwen_Qwen2_5-32B-Instruct_public_dataset_dolly_rag.json,256,53.67793434015766,50.489321583881974,64.9610257241875,81.80400407873094,18.62962895820448,47431,47687,0,47431.0,29712.0,29712.0,29712.0,7312.443,5864.765032672713,28.56423046875,22.909238408877783,0.1541701208070671,nvml,,True,low_latency,255,1,1,1
1,/home/jade_hand/research/shadowkv/results_vllm_qwen32b_no_cache_apc_overlay_energy_2026-06-03,full,dolly,rag,vllm_no_cache,42,/home/jade_hand/research/shadowkv/results_vllm_qwen32b_no_cache_apc_overlay_energy_2026-06-03/full/dolly/rag/vllm_no_cache/benchmark_vllm_no_cache_Qwen_Qwen2_5-32B-Instruct_public_dataset_dolly_rag.json,256,65.77049562292814,60.42136927135289,86.28934726584703,105.30035905539988,15.204385956480337,47431,47687,0,0.0,0.0,0.0,0.0,10047.321,8383.072612738564,39.24734765625,32.746377393510016,0.21183025869157301,nvml,,False,balanced,0,0,0,0
1,/home/jade_hand/research/shadowkv/results_vllm_qwen32b_no_cache_apc_overlay_energy_2026-06-03,full,dolly,templated,vllm_apc,42,/home/jade_hand/research/shadowkv/results_vllm_qwen32b_no_cache_apc_overlay_energy_2026-06-03/full/dolly/templated/vllm_apc/benchmark_vllm_apc_Qwen_Qwen2_5-32B-Instruct_public_dataset_dolly_templated.json,256,53.534872606178396,49.87907432951033,64.53047902323306,82.91903946083039,18.679413087546813,42823,43079,0,42823.0,25520.0,25520.0,25520.0,7116.445,5756.937043967069,27.79861328125,22.488035327996364,0.16618277561123695,nvml,,False,balanced,0,0,0,0
1,/home/jade_hand/research/shadowkv/results_vllm_qwen32b_no_cache_apc_overlay_energy_2026-06-03,full,dolly,templated,vllm_apc_shadowkv_plus,42,/home/jade_hand/research/shadowkv/results_vllm_qwen32b_no_cache_apc_overlay_energy_2026-06-03/full/dolly/templated/vllm_apc_shadowkv_plus/benchmark_vllm_apc_shadowkv_plus_Qwen_Qwen2_5-32B-Instruct_public_dataset_dolly_templated.json,256,53.41663475337555,50.259220879524946,64.96274552773684,81.26982233952731,18.720760014497305,42823,43079,0,42823.0,25520.0,25520.0,25520.0,7174.761,5724.3232992993235,28.02641015625,22.360637887887982,0.1675445671718469,nvml,,True,low_latency,255,1,1,1
1,/home/jade_hand/research/shadowkv/results_vllm_qwen32b_no_cache_apc_overlay_energy_2026-06-03,full,dolly,templated,vllm_no_cache,42,/home/jade_hand/research/shadowkv/results_vllm_qwen32b_no_cache_apc_overlay_energy_2026-06-03/full/dolly/templated/vllm_no_cache/benchmark_vllm_no_cache_Qwen_Qwen2_5-32B-Instruct_public_dataset_dolly_templated.json,256,61.734712708130246,55.038527585566044,84.48342396877706,86.93120626267046,16.19834216655071,42823,43079,0,0.0,0.0,0.0,0.0,9301.966,7760.159750643413,36.3358046875,30.31312402595083,0.2172189244097798,nvml,,False,balanced,0,0,0,0
1,/home/jade_hand/research/shadowkv/results_vllm_qwen32b_no_cache_apc_overlay_energy_2026-06-03,full,samsum,rag,vllm_apc,42,/home/jade_hand/research/shadowkv/results_vllm_qwen32b_no_cache_apc_overlay_energy_2026-06-03/full/samsum/rag/vllm_apc/benchmark_vllm_apc_Qwen_Qwen2_5-32B-Instruct_public_dataset_samsum_rag.json,256,57.872556146321585,54.55755302682519,82.17153535224497,84.71709040459245,17.279347355448728,65170,65426,0,65170.0,34832.0,34832.0,34832.0,8355.953,6869.710058279961,32.64044140625,26.8348049151561,0.12821778425655975,nvml,,False,balanced,0,0,0,0
1,/home/jade_hand/research/shadowkv/results_vllm_qwen32b_no_cache_apc_overlay_energy_2026-06-03,full,samsum,rag,vllm_apc_shadowkv_plus,42,/home/jade_hand/research/shadowkv/results_vllm_qwen32b_no_cache_apc_overlay_energy_2026-06-03/full/samsum/rag/vllm_apc_shadowkv_plus/benchmark_vllm_apc_shadowkv_plus_Qwen_Qwen2_5-32B-Instruct_public_dataset_samsum_rag.json,256,57.827352722597425,54.44254260510206,81.50786079932004,83.74279625713824,17.292854556166223,65170,65426,0,65170.0,34832.0,34832.0,34832.0,8422.88,6926.225072320567,32.901875,27.055566688752215,0.1292447445143471,nvml,,True,aggressive_prefix,255,1,1,1
1,/home/jade_hand/research/shadowkv/results_vllm_qwen32b_no_cache_apc_overlay_energy_2026-06-03,full,samsum,rag,vllm_no_cache,42,/home/jade_hand/research/shadowkv/results_vllm_qwen32b_no_cache_apc_overlay_energy_2026-06-03/full/samsum/rag/vllm_no_cache/benchmark_vllm_no_cache_Qwen_Qwen2_5-32B-Instruct_public_dataset_samsum_rag.json,256,74.7261987580714,66.16848497651517,106.98311345186085,109.25867634359747,13.382187460619184,65170,65426,0,0.0,0.0,0.0,0.0,11458.864,9590.091560485018,44.7611875,37.4612951581446,0.17583035138867575,nvml,,False,balanced,0,0,0,0
1,/home/jade_hand/research/shadowkv/results_vllm_qwen32b_no_cache_apc_overlay_energy_2026-06-03,full,samsum,templated,vllm_apc,42,/home/jade_hand/research/shadowkv/results_vllm_qwen32b_no_cache_apc_overlay_energy_2026-06-03/full/samsum/templated/vllm_apc/benchmark_vllm_apc_Qwen_Qwen2_5-32B-Instruct_public_dataset_samsum_templated.json,256,58.67199372914911,54.50216820463538,82.5534196337685,85.41639000177382,17.043906921185556,61330,61586,0,61330.0,30752.0,30752.0,30752.0,8441.145,6855.61731145683,32.97322265625,26.779755122878242,0.1376348442850155,nvml,,False,balanced,0,0,0,0
1,/home/jade_hand/research/shadowkv/results_vllm_qwen32b_no_cache_apc_overlay_energy_2026-06-03,full,samsum,templated,vllm_apc_shadowkv_plus,42,/home/jade_hand/research/shadowkv/results_vllm_qwen32b_no_cache_apc_overlay_energy_2026-06-03/full/samsum/templated/vllm_apc_shadowkv_plus/benchmark_vllm_apc_shadowkv_plus_Qwen_Qwen2_5-32B-Instruct_public_dataset_samsum_templated.json,256,57.994453869469,54.53711957670748,81.88799861818552,84.4512069132179,17.24302813939329,61330,61586,0,61330.0,30752.0,30752.0,30752.0,8432.927,6944.974615300762,32.94112109375,27.1288070910186,0.13750084787216696,nvml,,True,low_latency,255,1,1,1
1,/home/jade_hand/research/shadowkv/results_vllm_qwen32b_no_cache_apc_overlay_energy_2026-06-03,full,samsum,templated,vllm_no_cache,42,/home/jade_hand/research/shadowkv/results_vllm_qwen32b_no_cache_apc_overlay_energy_2026-06-03/full/samsum/templated/vllm_no_cache/benchmark_vllm_no_cache_Qwen_Qwen2_5-32B-Instruct_public_dataset_samsum_templated.json,256,72.97476209168963,65.43309311382473,106.29792837426066,108.0435165669769,13.703367730662052,61330,61586,0,0.0,0.0,0.0,0.0,11130.733,9334.957349847924,43.47942578125,36.46467714784345,0.18148920593510517,nvml,,False,balanced,0,0,0,0
1,/home/jade_hand/research/shadowkv/results_vllm_qwen32b_no_cache_apc_overlay_energy_2026-06-03,full,xsum,rag,vllm_apc,42,/home/jade_hand/research/shadowkv/results_vllm_qwen32b_no_cache_apc_overlay_energy_2026-06-03/full/xsum/rag/vllm_apc/benchmark_vllm_apc_Qwen_Qwen2_5-32B-Instruct_public_dataset_xsum_rag.json,256,79.45844132336788,86.09972847625613,106.46129492670298,109.03563620522618,12.585195271202869,103559,103815,0,103559.0,33424.0,33424.0,33424.0,12006.775,9961.224080679813,46.90146484375,38.91103156515552,0.11594139572610782,nvml,,False,balanced,0,0,0,0
1,/home/jade_hand/research/shadowkv/results_vllm_qwen32b_no_cache_apc_overlay_energy_2026-06-03,full,xsum,rag,vllm_apc_shadowkv_plus,42,/home/jade_hand/research/shadowkv/results_vllm_qwen32b_no_cache_apc_overlay_energy_2026-06-03/full/xsum/rag/vllm_apc_shadowkv_plus/benchmark_vllm_apc_shadowkv_plus_Qwen_Qwen2_5-32B-Instruct_public_dataset_xsum_rag.json,256,78.36464525462361,85.59249946847558,105.01168109476566,107.7351049752906,12.760856592290882,103559,103815,0,103559.0,33424.0,33424.0,33424.0,12047.789,10031.019405812789,47.06167578125,39.18366955395621,0.11633744049285914,nvml,,True,low_latency,255,1,1,1
1,/home/jade_hand/research/shadowkv/results_vllm_qwen32b_no_cache_apc_overlay_energy_2026-06-03,full,xsum,rag,vllm_no_cache,42,/home/jade_hand/research/shadowkv/results_vllm_qwen32b_no_cache_apc_overlay_energy_2026-06-03/full/xsum/rag/vllm_no_cache/benchmark_vllm_no_cache_Qwen_Qwen2_5-32B-Instruct_public_dataset_xsum_rag.json,256,101.6469521655381,109.61046000011265,113.56686044018716,135.17741945106536,9.837973285922441,103559,103815,0,0.0,0.0,0.0,0.0,15615.5,12878.787617861595,60.998046875,50.307764132271856,0.15078843944031906,nvml,,False,balanced,0,0,0,0
1,/home/jade_hand/research/shadowkv/results_vllm_qwen32b_no_cache_apc_overlay_energy_2026-06-03,full,xsum,templated,vllm_apc,42,/home/jade_hand/research/shadowkv/results_vllm_qwen32b_no_cache_apc_overlay_energy_2026-06-03/full/xsum/templated/vllm_apc/benchmark_vllm_apc_Qwen_Qwen2_5-32B-Instruct_public_dataset_xsum_templated.json,256,79.7644390950154,86.08184149488807,107.45384672190994,118.39072823058792,12.536915088298935,99719,99975,0,99719.0,29376.0,29376.0,29376.0,11983.363,9975.006438709112,46.81001171875,38.96486890120747,0.12017131138499182,nvml,,False,balanced,0,0,0,0
1,/home/jade_hand/research/shadowkv/results_vllm_qwen32b_no_cache_apc_overlay_energy_2026-06-03,full,xsum,templated,vllm_apc_shadowkv_plus,42,/home/jade_hand/research/shadowkv/results_vllm_qwen32b_no_cache_apc_overlay_energy_2026-06-03/full/xsum/templated/vllm_apc_shadowkv_plus/benchmark_vllm_apc_shadowkv_plus_Qwen_Qwen2_5-32B-Instruct_public_dataset_xsum_templated.json,256,78.58236120773654,85.45012213289738,105.78844789415598,107.9026474384591,12.725502067269883,99719,99975,0,99719.0,29376.0,29376.0,29376.0,12075.336,9932.724716789598,47.16928125,38.79970592495937,0.12109363310903638,nvml,,True,low_latency,255,1,1,1
1,/home/jade_hand/research/shadowkv/results_vllm_qwen32b_no_cache_apc_overlay_energy_2026-06-03,full,xsum,templated,vllm_no_cache,42,/home/jade_hand/research/shadowkv/results_vllm_qwen32b_no_cache_apc_overlay_energy_2026-06-03/full/xsum/templated/vllm_no_cache/benchmark_vllm_no_cache_Qwen_Qwen2_5-32B-Instruct_public_dataset_xsum_templated.json,256,99.88449476441019,108.86108642444015,113.05849184282124,135.2645586011931,10.011563880446333,99719,99975,0,0.0,0.0,0.0,0.0,15295.252,12580.766105724071,59.747078125,49.14361760048465,0.15338352771287317,nvml,,False,balanced,0,0,0,0
2,/home/jade_hand/research/shadowkv/results_vllm_qwen32b_no_cache_apc_overlay_energy_5total_2026-07-01,full,ag_news,rag,vllm_apc,20262984,/home/jade_hand/research/shadowkv/results_vllm_qwen32b_no_cache_apc_overlay_energy_5total_2026-07-01/full/rep_2/ag_news/rag/vllm_apc/benchmark_vllm_apc_Qwen_Qwen2_5-32B-Instruct_public_dataset_ag_news_rag.json,256,52.638365852544666,51.525347982533276,54.23647054703906,57.99937583506102,18.996873750341745,41493,41749,0,41493.0,25616.0,25616.0,25616.0,6845.068,5552.156429022319,26.738546875,21.688111050868432,0.16496922372448367,nvml,,False,balanced,0,0,0,0
2,/home/jade_hand/research/shadowkv/results_vllm_qwen32b_no_cache_apc_overlay_energy_5total_2026-07-01,full,ag_news,rag,vllm_apc_shadowkv_plus,20262982,/home/jade_hand/research/shadowkv/results_vllm_qwen32b_no_cache_apc_overlay_energy_5total_2026-07-01/full/rep_2/ag_news/rag/vllm_apc_shadowkv_plus/benchmark_vllm_apc_shadowkv_plus_Qwen_Qwen2_5-32B-Instruct_public_dataset_ag_news_rag.json,256,52.41745538023679,52.18275205697864,54.89260266767815,55.787333589978516,19.077136834509908,41323,41579,0,41323.0,25472.0,25472.0,25472.0,6833.867,5493.30712080814,26.69479296875,21.458230940656797,0.16537683614452,nvml,,True,low_latency,255,1,1,1
2,/home/jade_hand/research/shadowkv/results_vllm_qwen32b_no_cache_apc_overlay_energy_5total_2026-07-01,full,ag_news,rag,vllm_no_cache,20262983,/home/jade_hand/research/shadowkv/results_vllm_qwen32b_no_cache_apc_overlay_energy_5total_2026-07-01/full/rep_2/ag_news/rag/vllm_no_cache/benchmark_vllm_no_cache_Qwen_Qwen2_5-32B-Instruct_public_dataset_ag_news_rag.json,256,61.05913596638857,60.89379789773375,63.26014827936888,64.80370605131611,16.377065175058675,41208,41464,0,0.0,0.0,0.0,0.0,9367.155,7761.268020262347,36.59044921875,30.317453204149793,0.22731399242865466,nvml,,False,balanced,0,0,0,0
2,/home/jade_hand/research/shadowkv/results_vllm_qwen32b_no_cache_apc_overlay_energy_5total_2026-07-01,full,ag_news,templated,vllm_apc,20263063,/home/jade_hand/research/shadowkv/results_vllm_qwen32b_no_cache_apc_overlay_energy_5total_2026-07-01/full/rep_2/ag_news/templated/vllm_apc/benchmark_vllm_apc_Qwen_Qwen2_5-32B-Instruct_public_dataset_ag_news_templated.json,256,51.84376874785812,51.66659806855023,54.16972003877163,57.696452457457745,19.288066257431677,38619,38875,0,38619.0,22256.0,22256.0,22256.0,6918.097,5590.277502773519,27.02381640625,21.837021495209058,0.17913713457106606,nvml,,False,balanced,0,0,0,0
2,/home/jade_hand/research/shadowkv/results_vllm_qwen32b_no_cache_apc_overlay_energy_5total_2026-07-01,full,ag_news,templated,vllm_apc_shadowkv_plus,20263062,/home/jade_hand/research/shadowkv/results_vllm_qwen32b_no_cache_apc_overlay_energy_5total_2026-07-01/full/rep_2/ag_news/templated/vllm_apc_shadowkv_plus/benchmark_vllm_apc_shadowkv_plus_Qwen_Qwen2_5-32B-Instruct_public_dataset_ag_news_templated.json,256,52.645091238446184,52.825783495791256,55.07280887104571,57.28839125949888,18.994617187356575,38439,38695,0,38439.0,22160.0,22160.0,22160.0,6974.265,5620.700673859724,27.24322265625,21.955862007264546,0.18143721220635292,nvml,,True,low_latency,255,1,1,1
2,/home/jade_hand/research/shadowkv/results_vllm_qwen32b_no_cache_apc_overlay_energy_5total_2026-07-01,full,ag_news,templated,vllm_no_cache,20263064,/home/jade_hand/research/shadowkv/results_vllm_qwen32b_no_cache_apc_overlay_energy_5total_2026-07-01/full/rep_2/ag_news/templated/vllm_no_cache/benchmark_vllm_no_cache_Qwen_Qwen2_5-32B-Instruct_public_dataset_ag_news_templated.json,256,60.36006341855682,60.511440970003605,62.04292335314676,64.22929001273587,16.566785021490986,38514,38770,0,0.0,0.0,0.0,0.0,9246.435,7664.012628023118,36.11888671875,29.937549328215304,0.24007984109674402,nvml,,False,balanced,0,0,0,0
2,/home/jade_hand/research/shadowkv/results_vllm_qwen32b_no_cache_apc_overlay_energy_5total_2026-07-01,full,daily_dialog,rag,vllm_apc,20262842,/home/jade_hand/research/shadowkv/results_vllm_qwen32b_no_cache_apc_overlay_energy_5total_2026-07-01/full/rep_2/daily_dialog/rag/vllm_apc/benchmark_vllm_apc_Qwen_Qwen2_5-32B-Instruct_public_dataset_daily_dialog_rag.json,256,52.951698241486156,50.82702892832458,60.66847674082965,64.49469138169661,18.884477115097546,50552,50808,0,50552.0,33808.0,33808.0,33808.0,7008.083,5649.363442374316,27.37532421875,22.067825946774672,0.1386311718626365,nvml,,False,balanced,0,0,0,0
2,/home/jade_hand/research/shadowkv/results_vllm_qwen32b_no_cache_apc_overlay_energy_5total_2026-07-01,full,daily_dialog,rag,vllm_apc_shadowkv_plus,20262844,/home/jade_hand/research/shadowkv/results_vllm_qwen32b_no_cache_apc_overlay_energy_5total_2026-07-01/full/rep_2/daily_dialog/rag/vllm_apc_shadowkv_plus/benchmark_vllm_apc_shadowkv_plus_Qwen_Qwen2_5-32B-Instruct_public_dataset_daily_dialog_rag.json,256,53.012961288914084,51.593715557828546,61.55219947686419,64.19854477280751,18.8628335599384,50004,50260,0,50004.0,34096.0,34096.0,34096.0,6917.804,5610.342974121778,27.022671875,21.915402242663195,0.1383450123990081,nvml,,True,aggressive_prefix,255,1,1,1
2,/home/jade_hand/research/shadowkv/results_vllm_qwen32b_no_cache_apc_overlay_energy_5total_2026-07-01,full,daily_dialog,rag,vllm_no_cache,20262843,/home/jade_hand/research/shadowkv/results_vllm_qwen32b_no_cache_apc_overlay_energy_5total_2026-07-01/full/rep_2/daily_dialog/rag/vllm_no_cache/benchmark_vllm_no_cache_Qwen_Qwen2_5-32B-Instruct_public_dataset_daily_dialog_rag.json,256,65.27504023415531,63.06731095537543,83.70094402926043,86.00922292098402,15.319349515680859,50663,50919,0,0.0,0.0,0.0,0.0,10006.386,8396.933657392183,39.0874453125,32.800522099188214,0.19750875392298128,nvml,,False,balanced,0,0,0,0
2,/home/jade_hand/research/shadowkv/results_vllm_qwen32b_no_cache_apc_overlay_energy_5total_2026-07-01,full,daily_dialog,templated,vllm_apc,20263092,/home/jade_hand/research/shadowkv/results_vllm_qwen32b_no_cache_apc_overlay_energy_5total_2026-07-01/full/rep_2/daily_dialog/templated/vllm_apc/benchmark_vllm_apc_Qwen_Qwen2_5-32B-Instruct_public_dataset_daily_dialog_templated.json,256,53.46251651553757,50.950209493748844,61.55490898527205,71.59897843375786,18.704059319235117,47648,47904,0,47648.0,29904.0,29904.0,29904.0,7142.171,5824.148410119354,27.89910546875,22.750579727028725,0.14989445517125588,nvml,,False,balanced,0,0,0,0
2,/home/jade_hand/research/shadowkv/results_vllm_qwen32b_no_cache_apc_overlay_energy_5total_2026-07-01,full,daily_dialog,templated,vllm_apc_shadowkv_plus,20263094,/home/jade_hand/research/shadowkv/results_vllm_qwen32b_no_cache_apc_overlay_energy_5total_2026-07-01/full/rep_2/daily_dialog/templated/vllm_apc_shadowkv_plus/benchmark_vllm_apc_shadowkv_plus_Qwen_Qwen2_5-32B-Instruct_public_dataset_daily_dialog_templated.json,256,53.78164571993693,51.880247076042,62.126421951688826,64.759069099091,18.593207740790312,47234,47490,0,47234.0,29872.0,29872.0,29872.0,7129.883,5734.513477546194,27.85110546875,22.40044327166482,0.15094810941271117,nvml,,True,aggressive_prefix,255,1,1,1
2,/home/jade_hand/research/shadowkv/results_vllm_qwen32b_no_cache_apc_overlay_energy_5total_2026-07-01,full,daily_dialog,templated,vllm_no_cache,20263093,/home/jade_hand/research/shadowkv/results_vllm_qwen32b_no_cache_apc_overlay_energy_5total_2026-07-01/full/rep_2/daily_dialog/templated/vllm_no_cache/benchmark_vllm_no_cache_Qwen_Qwen2_5-32B-Instruct_public_dataset_daily_dialog_templated.json,256,63.727385737365694,61.6468369262293,82.92864105897024,85.23465021280572,15.691381245640235,47653,47909,0,0.0,0.0,0.0,0.0,9733.057,8140.558753628376,38.01975390625,31.799057631360842,0.20424856777117917,nvml,,False,balanced,0,0,0,0
2,/home/jade_hand/research/shadowkv/results_vllm_qwen32b_no_cache_apc_overlay_energy_5total_2026-07-01,full,dolly,rag,vllm_apc,20263074,/home/jade_hand/research/shadowkv/results_vllm_qwen32b_no_cache_apc_overlay_energy_5total_2026-07-01/full/rep_2/dolly/rag/vllm_apc/benchmark_vllm_apc_Qwen_Qwen2_5-32B-Instruct_public_dataset_dolly_rag.json,256,54.208310111789615,50.29879149515182,65.09932276094332,81.88340313499793,18.446791593519205,47979,48235,0,47979.0,29520.0,29520.0,29520.0,7151.968,5774.538660552246,27.937375,22.556791642782212,0.14906454907355302,nvml,,False,balanced,0,0,0,0
2,/home/jade_hand/research/shadowkv/results_vllm_qwen32b_no_cache_apc_overlay_energy_5total_2026-07-01,full,dolly,rag,vllm_apc_shadowkv_plus,20263072,/home/jade_hand/research/shadowkv/results_vllm_qwen32b_no_cache_apc_overlay_energy_5total_2026-07-01/full/rep_2/dolly/rag/vllm_apc_shadowkv_plus/benchmark_vllm_apc_shadowkv_plus_Qwen_Qwen2_5-32B-Instruct_public_dataset_dolly_rag.json,256,53.69122353204148,50.809107604436576,66.08139438321814,80.45968727674335,18.624550823963336,45611,45867,0,45611.0,29488.0,29488.0,29488.0,7060.203,5695.696505312852,27.57891796875,22.24881447387833,0.15479167306132294,nvml,,True,low_latency,255,1,1,1
2,/home/jade_hand/research/shadowkv/results_vllm_qwen32b_no_cache_apc_overlay_energy_5total_2026-07-01,full,dolly,rag,vllm_no_cache,20263073,/home/jade_hand/research/shadowkv/results_vllm_qwen32b_no_cache_apc_overlay_energy_5total_2026-07-01/full/rep_2/dolly/rag/vllm_no_cache/benchmark_vllm_no_cache_Qwen_Qwen2_5-32B-Instruct_public_dataset_dolly_rag.json,256,65.04036146634462,59.83986146748066,85.95227939076722,88.18708646576852,15.374656450928978,47904,48160,0,0.0,0.0,0.0,0.0,9993.144,8374.42894818581,39.03571875,32.71261307885082,0.20860771543086173,nvml,,False,balanced,0,0,0,0
2,/home/jade_hand/research/shadowkv/results_vllm_qwen32b_no_cache_apc_overlay_energy_5total_2026-07-01,full,dolly,templated,vllm_apc,20262944,/home/jade_hand/research/shadowkv/results_vllm_qwen32b_no_cache_apc_overlay_energy_5total_2026-07-01/full/rep_2/dolly/templated/vllm_apc/benchmark_vllm_apc_Qwen_Qwen2_5-32B-Instruct_public_dataset_dolly_templated.json,256,53.553961204670486,49.87775266636163,65.00588374910876,81.68427021009848,18.67210831879053,42578,42834,0,42578.0,25168.0,25168.0,25168.0,7049.516,5655.601466453453,27.537171875,22.0921932283338,0.16556710038047817,nvml,,False,balanced,0,0,0,0
2,/home/jade_hand/research/shadowkv/results_vllm_qwen32b_no_cache_apc_overlay_energy_5total_2026-07-01,full,dolly,templated,vllm_apc_shadowkv_plus,20262942,/home/jade_hand/research/shadowkv/results_vllm_qwen32b_no_cache_apc_overlay_energy_5total_2026-07-01/full/rep_2/dolly/templated/vllm_apc_shadowkv_plus/benchmark_vllm_apc_shadowkv_plus_Qwen_Qwen2_5-32B-Instruct_public_dataset_dolly_templated.json,256,54.06269512150175,50.55881501175463,66.28944986732677,82.03893131576478,18.496516741850716,42784,43040,0,42784.0,25424.0,25424.0,25424.0,7152.94,5743.79361542125,27.941171875,22.43669381023926,0.16718726626776365,nvml,,True,low_latency,255,1,1,1
2,/home/jade_hand/research/shadowkv/results_vllm_qwen32b_no_cache_apc_overlay_energy_5total_2026-07-01,full,dolly,templated,vllm_no_cache,20262943,/home/jade_hand/research/shadowkv/results_vllm_qwen32b_no_cache_apc_overlay_energy_5total_2026-07-01/full/rep_2/dolly/templated/vllm_no_cache/benchmark_vllm_no_cache_Qwen_Qwen2_5-32B-Instruct_public_dataset_dolly_templated.json,256,60.79375257741049,54.62331708986312,83.28018832253292,85.28923648409545,16.448590063368414,41741,41997,0,0.0,0.0,0.0,0.0,9114.884,7542.074868576108,35.605015625,29.461229955375423,0.21836764811576148,nvml,,False,balanced,0,0,0,0
2,/home/jade_hand/research/shadowkv/results_vllm_qwen32b_no_cache_apc_overlay_energy_5total_2026-07-01,full,samsum,rag,vllm_apc,20262712,/home/jade_hand/research/shadowkv/results_vllm_qwen32b_no_cache_apc_overlay_energy_5total_2026-07-01/full/rep_2/samsum/rag/vllm_apc/benchmark_vllm_apc_Qwen_Qwen2_5-32B-Instruct_public_dataset_samsum_rag.json,256,59.503772959033085,54.563974030315876,82.3609231156297,84.87492554122582,16.80518065373819,68061,68317,0,68061.0,34896.0,34896.0,34896.0,8539.53,7078.830883241125,33.3575390625,27.651683137660644,0.12546877066161238,nvml,,False,balanced,0,0,0,0
2,/home/jade_hand/research/shadowkv/results_vllm_qwen32b_no_cache_apc_overlay_energy_5total_2026-07-01,full,samsum,rag,vllm_apc_shadowkv_plus,20262713,/home/jade_hand/research/shadowkv/results_vllm_qwen32b_no_cache_apc_overlay_energy_5total_2026-07-01/full/rep_2/samsum/rag/vllm_apc_shadowkv_plus/benchmark_vllm_apc_shadowkv_plus_Qwen_Qwen2_5-32B-Instruct_public_dataset_samsum_rag.json,256,58.30051424163685,54.44148147944361,82.47379685053602,84.1467352816835,17.152080801216552,63936,64192,0,63936.0,34368.0,34368.0,34368.0,8277.567,6829.442406482243,32.33424609375,26.677509400321263,0.1294664508258258,nvml,,True,low_latency,255,1,1,1
2,/home/jade_hand/research/shadowkv/results_vllm_qwen32b_no_cache_apc_overlay_energy_5total_2026-07-01,full,samsum,rag,vllm_no_cache,20262714,/home/jade_hand/research/shadowkv/results_vllm_qwen32b_no_cache_apc_overlay_energy_5total_2026-07-01/full/rep_2/samsum/rag/vllm_no_cache/benchmark_vllm_no_cache_Qwen_Qwen2_5-32B-Instruct_public_dataset_samsum_rag.json,256,74.74447193180822,66.09833904076368,106.52124206535518,107.68373798346147,13.378553087349346,66652,66908,0,0.0,0.0,0.0,0.0,11457.945,9536.521198715616,44.75759765625,37.252035932482876,0.17190699453879854,nvml,,False,balanced,0,0,0,0
2,/home/jade_hand/research/shadowkv/results_vllm_qwen32b_no_cache_apc_overlay_energy_5total_2026-07-01,full,samsum,templated,vllm_apc,20263042,/home/jade_hand/research/shadowkv/results_vllm_qwen32b_no_cache_apc_overlay_energy_5total_2026-07-01/full/rep_2/samsum/templated/vllm_apc/benchmark_vllm_apc_Qwen_Qwen2_5-32B-Instruct_public_dataset_samsum_templated.json,256,58.59828275424661,54.17149397544563,81.84918505139649,84.52522463630883,17.064827470850087,62166,62422,0,62166.0,30448.0,30448.0,30448.0,8376.654,6907.03669536829,32.7213046875,26.98061209128238,0.13474654956085322,nvml,,False,balanced,0,0,0,0
2,/home/jade_hand/research/shadowkv/results_vllm_qwen32b_no_cache_apc_overlay_energy_5total_2026-07-01,full,samsum,templated,vllm_apc_shadowkv_plus,20263043,/home/jade_hand/research/shadowkv/results_vllm_qwen32b_no_cache_apc_overlay_energy_5total_2026-07-01/full/rep_2/samsum/templated/vllm_apc_shadowkv_plus/benchmark_vllm_apc_shadowkv_plus_Qwen_Qwen2_5-32B-Instruct_public_dataset_samsum_templated.json,256,58.63102333933057,55.02866697497666,82.91895710863173,84.7440360696055,17.05537743722864,61930,62186,0,61930.0,30368.0,30368.0,30368.0,8392.76,6940.547007083791,32.78421875,27.11151174642106,0.13552010334248346,nvml,,True,low_latency,255,1,1,1
2,/home/jade_hand/research/shadowkv/results_vllm_qwen32b_no_cache_apc_overlay_energy_5total_2026-07-01,full,samsum,templated,vllm_no_cache,20263044,/home/jade_hand/research/shadowkv/results_vllm_qwen32b_no_cache_apc_overlay_energy_5total_2026-07-01/full/rep_2/samsum/templated/vllm_no_cache/benchmark_vllm_no_cache_Qwen_Qwen2_5-32B-Instruct_public_dataset_samsum_templated.json,256,73.28819015856425,64.69623849261552,106.52638965984806,109.06603578478098,13.644450281052622,62287,62543,0,0.0,0.0,0.0,0.0,11248.292,9439.874688480024,43.938640625,36.87451050187509,0.1805881163003516,nvml,,False,balanced,0,0,0,0
2,/home/jade_hand/research/shadowkv/results_vllm_qwen32b_no_cache_apc_overlay_energy_5total_2026-07-01,full,xsum,rag,vllm_apc,20263083,/home/jade_hand/research/shadowkv/results_vllm_qwen32b_no_cache_apc_overlay_energy_5total_2026-07-01/full/rep_2/xsum/rag/vllm_apc/benchmark_vllm_apc_Qwen_Qwen2_5-32B-Instruct_public_dataset_xsum_rag.json,256,77.89410219174897,85.35600290633738,105.55365297477692,108.16742931492627,12.837632134613967,102464,102720,0,102464.0,32736.0,32736.0,32736.0,11800.012,9832.759170955727,46.093796875,38.40921551154581,0.11516251561524048,nvml,,False,balanced,0,0,0,0
2,/home/jade_hand/research/shadowkv/results_vllm_qwen32b_no_cache_apc_overlay_energy_5total_2026-07-01,full,xsum,rag,vllm_apc_shadowkv_plus,20263084,/home/jade_hand/research/shadowkv/results_vllm_qwen32b_no_cache_apc_overlay_energy_5total_2026-07-01/full/rep_2/xsum/rag/vllm_apc_shadowkv_plus/benchmark_vllm_apc_shadowkv_plus_Qwen_Qwen2_5-32B-Instruct_public_dataset_xsum_rag.json,256,79.73597487034567,86.53305459301919,107.01383993728086,109.53933515120298,12.541162113094073,103898,104154,0,103898.0,33392.0,33392.0,33392.0,12020.825,10009.433569654499,46.95634765625,39.099349881462885,0.11569832913049337,nvml,,True,low_latency,255,1,1,1
2,/home/jade_hand/research/shadowkv/results_vllm_qwen32b_no_cache_apc_overlay_energy_5total_2026-07-01,full,xsum,rag,vllm_no_cache,20263082,/home/jade_hand/research/shadowkv/results_vllm_qwen32b_no_cache_apc_overlay_energy_5total_2026-07-01/full/rep_2/xsum/rag/vllm_no_cache/benchmark_vllm_no_cache_Qwen_Qwen2_5-32B-Instruct_public_dataset_xsum_rag.json,256,100.50225441591465,108.62725111655891,112.57062607910484,132.44647440733388,9.949821327737773,103780,104036,0,0.0,0.0,0.0,0.0,15438.945,12860.932164249036,60.30837890625,50.238016266597796,0.14876609173251107,nvml,,False,balanced,0,0,0,0
2,/home/jade_hand/research/shadowkv/results_vllm_qwen32b_no_cache_apc_overlay_energy_5total_2026-07-01,full,xsum,templated,vllm_apc,20262813,/home/jade_hand/research/shadowkv/results_vllm_qwen32b_no_cache_apc_overlay_energy_5total_2026-07-01/full/rep_2/xsum/templated/vllm_apc/benchmark_vllm_apc_Qwen_Qwen2_5-32B-Instruct_public_dataset_xsum_templated.json,256,79.01789016523253,85.98422899376601,92.63280499726534,107.51437321305275,12.655100896193975,101096,101352,0,101096.0,29488.0,29488.0,29488.0,11950.653,9989.36642518943,46.68223828125,39.02096259839621,0.11821093811822427,nvml,,False,balanced,0,0,0,0
2,/home/jade_hand/research/shadowkv/results_vllm_qwen32b_no_cache_apc_overlay_energy_5total_2026-07-01,full,xsum,templated,vllm_apc_shadowkv_plus,20262814,/home/jade_hand/research/shadowkv/results_vllm_qwen32b_no_cache_apc_overlay_energy_5total_2026-07-01/full/rep_2/xsum/templated/vllm_apc_shadowkv_plus/benchmark_vllm_apc_shadowkv_plus_Qwen_Qwen2_5-32B-Instruct_public_dataset_xsum_templated.json,256,79.80925195897726,86.40214055776596,104.56108005018905,108.612943359185,12.529623668125254,100703,100959,0,100703.0,29440.0,29440.0,29440.0,12117.943,10029.276971844753,47.33571484375,39.176863171268565,0.1203334855962583,nvml,,True,aggressive_prefix,255,1,1,1
2,/home/jade_hand/research/shadowkv/results_vllm_qwen32b_no_cache_apc_overlay_energy_5total_2026-07-01,full,xsum,templated,vllm_no_cache,20262812,/home/jade_hand/research/shadowkv/results_vllm_qwen32b_no_cache_apc_overlay_energy_5total_2026-07-01/full/rep_2/xsum/templated/vllm_no_cache/benchmark_vllm_no_cache_Qwen_Qwen2_5-32B-Instruct_public_dataset_xsum_templated.json,256,101.92009466300078,108.61263889819384,111.978888977319,122.47414177982115,9.811444169226256,103650,103906,0,0.0,0.0,0.0,0.0,15636.575,12974.393207323383,61.08037109375,50.681223466106964,0.15085938253738543,nvml,,False,balanced,0,0,0,0
3,/home/jade_hand/research/shadowkv/results_vllm_qwen32b_no_cache_apc_overlay_energy_5total_2026-07-01,full,ag_news,rag,vllm_apc,20264053,/home/jade_hand/research/shadowkv/results_vllm_qwen32b_no_cache_apc_overlay_energy_5total_2026-07-01/full/rep_3/ag_news/rag/vllm_apc/benchmark_vllm_apc_Qwen_Qwen2_5-32B-Instruct_public_dataset_ag_news_rag.json,256,52.39061807606049,51.29146797116846,53.955565264914185,57.76886040111998,19.08681193882347,41082,41338,0,41082.0,25680.0,25680.0,25680.0,6862.614,5577.753091066511,26.8070859375,21.78809801197856,0.16704673579669926,nvml,,False,balanced,0,0,0,0
3,/home/jade_hand/research/shadowkv/results_vllm_qwen32b_no_cache_apc_overlay_energy_5total_2026-07-01,full,ag_news,rag,vllm_apc_shadowkv_plus,20264054,/home/jade_hand/research/shadowkv/results_vllm_qwen32b_no_cache_apc_overlay_energy_5total_2026-07-01/full/rep_3/ag_news/rag/vllm_apc_shadowkv_plus/benchmark_vllm_apc_shadowkv_plus_Qwen_Qwen2_5-32B-Instruct_public_dataset_ag_news_rag.json,256,52.817236768532894,52.668651449494064,55.31122995307669,60.52498414646834,18.93268976591419,41683,41939,0,41683.0,25472.0,25472.0,25472.0,6940.29,5583.874514023591,27.1105078125,21.81200982040465,0.16650169133699588,nvml,,True,low_latency,255,1,1,1
3,/home/jade_hand/research/shadowkv/results_vllm_qwen32b_no_cache_apc_overlay_energy_5total_2026-07-01,full,ag_news,rag,vllm_no_cache,20264052,/home/jade_hand/research/shadowkv/results_vllm_qwen32b_no_cache_apc_overlay_energy_5total_2026-07-01/full/rep_3/ag_news/rag/vllm_no_cache/benchmark_vllm_no_cache_Qwen_Qwen2_5-32B-Instruct_public_dataset_ag_news_rag.json,256,61.470639215258416,60.98367751110345,63.7882785522379,71.97874654084426,16.26746620917511,41786,42042,0,0.0,0.0,0.0,0.0,9367.634,7838.2606381781925,36.5923203125,30.618205617883564,0.22418116115445363,nvml,,False,balanced,0,0,0,0
3,/home/jade_hand/research/shadowkv/results_vllm_qwen32b_no_cache_apc_overlay_energy_5total_2026-07-01,full,ag_news,templated,vllm_apc,20263863,/home/jade_hand/research/shadowkv/results_vllm_qwen32b_no_cache_apc_overlay_energy_5total_2026-07-01/full/rep_3/ag_news/templated/vllm_apc/benchmark_vllm_apc_Qwen_Qwen2_5-32B-Instruct_public_dataset_ag_news_templated.json,256,52.64062277456105,52.4546290980652,54.52497099759057,56.066734250634894,18.99609155560358,38623,38879,0,38623.0,22064.0,22064.0,22064.0,7000.064,5710.473397653006,27.344,22.306536709582055,0.1812408150583849,nvml,,False,balanced,0,0,0,0
3,/home/jade_hand/research/shadowkv/results_vllm_qwen32b_no_cache_apc_overlay_energy_5total_2026-07-01,full,ag_news,templated,vllm_apc_shadowkv_plus,20263864,/home/jade_hand/research/shadowkv/results_vllm_qwen32b_no_cache_apc_overlay_energy_5total_2026-07-01/full/rep_3/ag_news/templated/vllm_apc_shadowkv_plus/benchmark_vllm_apc_shadowkv_plus_Qwen_Qwen2_5-32B-Instruct_public_dataset_ag_news_templated.json,256,52.67857880880911,52.63343302067369,55.07939908420667,56.572521838825196,18.982551400801608,38409,38665,0,38409.0,22320.0,22320.0,22320.0,6899.858,5603.033734912811,26.9525703125,21.88685052700317,0.1796416985602333,nvml,,True,low_latency,255,1,1,1
3,/home/jade_hand/research/shadowkv/results_vllm_qwen32b_no_cache_apc_overlay_energy_5total_2026-07-01,full,ag_news,templated,vllm_no_cache,20263862,/home/jade_hand/research/shadowkv/results_vllm_qwen32b_no_cache_apc_overlay_energy_5total_2026-07-01/full/rep_3/ag_news/templated/vllm_no_cache/benchmark_vllm_no_cache_Qwen_Qwen2_5-32B-Instruct_public_dataset_ag_news_templated.json,256,60.386885162188264,60.49877009354532,62.038374540861696,65.26335121598095,16.559428001858468,38484,38740,0,0.0,0.0,0.0,0.0,9246.441,7665.6431462198325,36.11891015625,29.94391853992122,0.24026714998440912,nvml,,False,balanced,0,0,0,0
3,/home/jade_hand/research/shadowkv/results_vllm_qwen32b_no_cache_apc_overlay_energy_5total_2026-07-01,full,daily_dialog,rag,vllm_apc,20263733,/home/jade_hand/research/shadowkv/results_vllm_qwen32b_no_cache_apc_overlay_energy_5total_2026-07-01/full/rep_3/daily_dialog/rag/vllm_apc/benchmark_vllm_apc_Qwen_Qwen2_5-32B-Instruct_public_dataset_daily_dialog_rag.json,256,53.15763005364715,51.35105806402862,60.95987377921119,63.91043835319578,18.811281631117396,51011,51267,0,51011.0,33856.0,33856.0,33856.0,7045.795,5742.647763460571,27.52263671875,22.432217826017855,0.13812305189076865,nvml,,False,balanced,0,0,0,0
3,/home/jade_hand/research/shadowkv/results_vllm_qwen32b_no_cache_apc_overlay_energy_5total_2026-07-01,full,daily_dialog,rag,vllm_apc_shadowkv_plus,20263732,/home/jade_hand/research/shadowkv/results_vllm_qwen32b_no_cache_apc_overlay_energy_5total_2026-07-01/full/rep_3/daily_dialog/rag/vllm_apc_shadowkv_plus/benchmark_vllm_apc_shadowkv_plus_Qwen_Qwen2_5-32B-Instruct_public_dataset_daily_dialog_rag.json,256,53.381833215098595,52.22745053470135,61.55729986494407,63.828603213187286,18.73246217908222,50203,50459,0,50203.0,33776.0,33776.0,33776.0,7067.455,5681.936337230314,27.60724609375,22.195063817305915,0.14077754317471067,nvml,,True,low_latency,255,1,1,1
3,/home/jade_hand/research/shadowkv/results_vllm_qwen32b_no_cache_apc_overlay_energy_5total_2026-07-01,full,daily_dialog,rag,vllm_no_cache,20263734,/home/jade_hand/research/shadowkv/results_vllm_qwen32b_no_cache_apc_overlay_energy_5total_2026-07-01/full/rep_3/daily_dialog/rag/vllm_no_cache/benchmark_vllm_no_cache_Qwen_Qwen2_5-32B-Instruct_public_dataset_daily_dialog_rag.json,256,65.59049322004284,63.45576106105,83.47912068711594,85.09913212619722,15.245668720050839,51209,51465,0,0.0,0.0,0.0,0.0,10031.291,8343.319890862682,39.18473046875,32.59109332368235,0.19588921869202677,nvml,,False,balanced,0,0,0,0
3,/home/jade_hand/research/shadowkv/results_vllm_qwen32b_no_cache_apc_overlay_energy_5total_2026-07-01,full,daily_dialog,templated,vllm_apc,20263774,/home/jade_hand/research/shadowkv/results_vllm_qwen32b_no_cache_apc_overlay_energy_5total_2026-07-01/full/rep_3/daily_dialog/templated/vllm_apc/benchmark_vllm_apc_Qwen_Qwen2_5-32B-Instruct_public_dataset_daily_dialog_templated.json,256,53.24393503997271,51.581443985924125,60.81091397209093,63.67220488609746,18.78092461471693,47785,48041,0,47785.0,29696.0,29696.0,29696.0,7187.627,5811.321077779739,28.07666796875,22.700472960077107,0.1504159673537721,nvml,,False,balanced,0,0,0,0
3,/home/jade_hand/research/shadowkv/results_vllm_qwen32b_no_cache_apc_overlay_energy_5total_2026-07-01,full,daily_dialog,templated,vllm_apc_shadowkv_plus,20263773,/home/jade_hand/research/shadowkv/results_vllm_qwen32b_no_cache_apc_overlay_energy_5total_2026-07-01/full/rep_3/daily_dialog/templated/vllm_apc_shadowkv_plus/benchmark_vllm_apc_shadowkv_plus_Qwen_Qwen2_5-32B-Instruct_public_dataset_daily_dialog_templated.json,256,53.60058683891111,51.80292890872806,61.726624611765146,66.68245565379038,18.656012185302977,46609,46865,0,46609.0,29648.0,29648.0,29648.0,7080.558,5686.2893251790065,27.6584296875,22.212067676480494,0.15191396511403377,nvml,,True,low_latency,255,1,1,1
3,/home/jade_hand/research/shadowkv/results_vllm_qwen32b_no_cache_apc_overlay_energy_5total_2026-07-01,full,daily_dialog,templated,vllm_no_cache,20263772,/home/jade_hand/research/shadowkv/results_vllm_qwen32b_no_cache_apc_overlay_energy_5total_2026-07-01/full/rep_3/daily_dialog/templated/vllm_no_cache/benchmark_vllm_no_cache_Qwen_Qwen2_5-32B-Instruct_public_dataset_daily_dialog_templated.json,256,64.16549817276973,61.876697931438684,83.16736778942868,85.50559317227453,15.584293286765948,48086,48342,0,0.0,0.0,0.0,0.0,9773.249,8164.528276827623,38.17675390625,31.892688581357902,0.20324520650501185,nvml,,False,balanced,0,0,0,0
3,/home/jade_hand/research/shadowkv/results_vllm_qwen32b_no_cache_apc_overlay_energy_5total_2026-07-01,full,dolly,rag,vllm_apc,20264012,/home/jade_hand/research/shadowkv/results_vllm_qwen32b_no_cache_apc_overlay_energy_5total_2026-07-01/full/rep_3/dolly/rag/vllm_apc/benchmark_vllm_apc_Qwen_Qwen2_5-32B-Instruct_public_dataset_dolly_rag.json,256,54.18769685184088,50.28152232989669,65.75858197174966,79.92083948338403,18.453748222475138,48431,48687,0,48431.0,30368.0,30368.0,30368.0,7218.544,5895.565523642503,28.1974375,23.029552826728526,0.14904800644215482,nvml,,False,balanced,0,0,0,0
3,/home/jade_hand/research/shadowkv/results_vllm_qwen32b_no_cache_apc_overlay_energy_5total_2026-07-01,full,dolly,rag,vllm_apc_shadowkv_plus,20264013,/home/jade_hand/research/shadowkv/results_vllm_qwen32b_no_cache_apc_overlay_energy_5total_2026-07-01/full/rep_3/dolly/rag/vllm_apc_shadowkv_plus/benchmark_vllm_apc_shadowkv_plus_Qwen_Qwen2_5-32B-Instruct_public_dataset_dolly_rag.json,256,54.519096189324046,51.149245467968285,66.30151550052688,81.69701916631311,18.341726204724097,47847,48103,0,47847.0,29472.0,29472.0,29472.0,7223.601,5812.751997516913,28.21719140625,22.706062490300443,0.15097291366229856,nvml,,True,low_latency,255,1,1,1
3,/home/jade_hand/research/shadowkv/results_vllm_qwen32b_no_cache_apc_overlay_energy_5total_2026-07-01,full,dolly,rag,vllm_no_cache,20264014,/home/jade_hand/research/shadowkv/results_vllm_qwen32b_no_cache_apc_overlay_energy_5total_2026-07-01/full/rep_3/dolly/rag/vllm_no_cache/benchmark_vllm_no_cache_Qwen_Qwen2_5-32B-Instruct_public_dataset_dolly_rag.json,256,65.00913423496968,60.02036656718701,86.14364144159481,103.64477542461826,15.382047072649973,47383,47639,0,0.0,0.0,0.0,0.0,9942.045,8281.091251546879,38.83611328125,32.348012701354996,0.2098230377983665,nvml,,False,balanced,0,0,0,0
3,/home/jade_hand/research/shadowkv/results_vllm_qwen32b_no_cache_apc_overlay_energy_5total_2026-07-01,full,dolly,templated,vllm_apc,20264104,/home/jade_hand/research/shadowkv/results_vllm_qwen32b_no_cache_apc_overlay_energy_5total_2026-07-01/full/rep_3/dolly/templated/vllm_apc/benchmark_vllm_apc_Qwen_Qwen2_5-32B-Instruct_public_dataset_dolly_templated.json,256,53.45604677677329,49.999835435301065,64.73015574738383,80.12323160655795,18.706294299455372,42667,42923,0,42667.0,26704.0,26704.0,26704.0,7040.567,5725.5261008597545,27.50221484375,22.365336331483416,0.16501199990625073,nvml,,False,balanced,0,0,0,0
3,/home/jade_hand/research/shadowkv/results_vllm_qwen32b_no_cache_apc_overlay_energy_5total_2026-07-01,full,dolly,templated,vllm_apc_shadowkv_plus,20264102,/home/jade_hand/research/shadowkv/results_vllm_qwen32b_no_cache_apc_overlay_energy_5total_2026-07-01/full/rep_3/dolly/templated/vllm_apc_shadowkv_plus/benchmark_vllm_apc_shadowkv_plus_Qwen_Qwen2_5-32B-Instruct_public_dataset_dolly_templated.json,256,54.345646643014334,50.87906995322555,66.1924117594026,80.77973817707971,18.400245925175724,43793,44049,0,43793.0,25376.0,25376.0,25376.0,7239.31,5876.472735541632,28.2785546875,22.9549716232095,0.16530746923024228,nvml,,True,low_latency,255,1,1,1
3,/home/jade_hand/research/shadowkv/results_vllm_qwen32b_no_cache_apc_overlay_energy_5total_2026-07-01,full,dolly,templated,vllm_no_cache,20264103,/home/jade_hand/research/shadowkv/results_vllm_qwen32b_no_cache_apc_overlay_energy_5total_2026-07-01/full/rep_3/dolly/templated/vllm_no_cache/benchmark_vllm_no_cache_Qwen_Qwen2_5-32B-Instruct_public_dataset_dolly_templated.json,256,61.99899546118104,54.99413202051073,84.30935692740604,85.38765759440139,16.12883535867743,43432,43688,0,0.0,0.0,0.0,0.0,9325.889,7734.56388202038,36.42925390625,30.21314016414211,0.21472391324369128,nvml,,False,balanced,0,0,0,0
3,/home/jade_hand/research/shadowkv/results_vllm_qwen32b_no_cache_apc_overlay_energy_5total_2026-07-01,full,samsum,rag,vllm_apc,20263923,/home/jade_hand/research/shadowkv/results_vllm_qwen32b_no_cache_apc_overlay_energy_5total_2026-07-01/full/rep_3/samsum/rag/vllm_apc/benchmark_vllm_apc_Qwen_Qwen2_5-32B-Instruct_public_dataset_samsum_rag.json,256,58.01311493632966,53.21274348534644,82.0065846783109,84.91380950435996,17.236958136130337,63728,63984,0,63728.0,34512.0,34512.0,34512.0,8189.004,6698.884448016956,31.988296875,26.167517375066236,0.12849930956565403,nvml,,False,balanced,0,0,0,0
3,/home/jade_hand/research/shadowkv/results_vllm_qwen32b_no_cache_apc_overlay_energy_5total_2026-07-01,full,samsum,rag,vllm_apc_shadowkv_plus,20263922,/home/jade_hand/research/shadowkv/results_vllm_qwen32b_no_cache_apc_overlay_energy_5total_2026-07-01/full/rep_3/samsum/rag/vllm_apc_shadowkv_plus/benchmark_vllm_apc_shadowkv_plus_Qwen_Qwen2_5-32B-Instruct_public_dataset_samsum_rag.json,256,59.77224658909108,55.990867083892226,82.98361976630986,84.72824050113559,16.729777346776704,69117,69373,0,69117.0,34768.0,34768.0,34768.0,8677.771,7146.918763601743,33.89754296875,27.91765142031931,0.1255519047412359,nvml,,True,low_latency,255,1,1,1
3,/home/jade_hand/research/shadowkv/results_vllm_qwen32b_no_cache_apc_overlay_energy_5total_2026-07-01,full,samsum,rag,vllm_no_cache,20263924,/home/jade_hand/research/shadowkv/results_vllm_qwen32b_no_cache_apc_overlay_energy_5total_2026-07-01/full/rep_3/samsum/rag/vllm_no_cache/benchmark_vllm_no_cache_Qwen_Qwen2_5-32B-Instruct_public_dataset_samsum_rag.json,256,76.33002383863641,66.29368546418846,105.9511419152841,107.6742261648178,13.100693446838694,68316,68572,0,0.0,0.0,0.0,0.0,11663.541,9788.583583312331,45.56070703125,38.23665462231379,0.17072927279114702,nvml,,False,balanced,0,0,0,0
3,/home/jade_hand/research/shadowkv/results_vllm_qwen32b_no_cache_apc_overlay_energy_5total_2026-07-01,full,samsum,templated,vllm_apc,20263832,/home/jade_hand/research/shadowkv/results_vllm_qwen32b_no_cache_apc_overlay_energy_5total_2026-07-01/full/rep_3/samsum/templated/vllm_apc/benchmark_vllm_apc_Qwen_Qwen2_5-32B-Instruct_public_dataset_samsum_templated.json,256,59.15706664472964,54.825091967359185,82.43140269769356,84.55969935748726,16.90360783363904,62720,62976,0,62720.0,30496.0,30496.0,30496.0,8539.479,7047.770654220763,33.35733984375,27.530354118049857,0.1361524075255102,nvml,,False,balanced,0,0,0,0
3,/home/jade_hand/research/shadowkv/results_vllm_qwen32b_no_cache_apc_overlay_energy_5total_2026-07-01,full,samsum,templated,vllm_apc_shadowkv_plus,20263833,/home/jade_hand/research/shadowkv/results_vllm_qwen32b_no_cache_apc_overlay_energy_5total_2026-07-01/full/rep_3/samsum/templated/vllm_apc_shadowkv_plus/benchmark_vllm_apc_shadowkv_plus_Qwen_Qwen2_5-32B-Instruct_public_dataset_samsum_templated.json,256,59.12040012754005,55.662063881754875,83.80289259366691,84.83935337280855,16.914179458315765,62260,62516,0,62260.0,30736.0,30736.0,30736.0,8517.272,6990.6121373558035,33.27059375,27.307078661546107,0.13680167041439129,nvml,,True,low_latency,255,1,1,1
3,/home/jade_hand/research/shadowkv/results_vllm_qwen32b_no_cache_apc_overlay_energy_5total_2026-07-01,full,samsum,templated,vllm_no_cache,20263834,/home/jade_hand/research/shadowkv/results_vllm_qwen32b_no_cache_apc_overlay_energy_5total_2026-07-01/full/rep_3/samsum/templated/vllm_no_cache/benchmark_vllm_no_cache_Qwen_Qwen2_5-32B-Instruct_public_dataset_samsum_templated.json,256,71.47163641457155,64.93062048684806,105.16779986210167,107.05734879011288,13.991229083781118,60397,60653,0,0.0,0.0,0.0,0.0,10967.87,9206.055119645955,42.8432421875,35.96115281111701,0.18159627133798037,nvml,,False,balanced,0,0,0,0
3,/home/jade_hand/research/shadowkv/results_vllm_qwen32b_no_cache_apc_overlay_energy_5total_2026-07-01,full,xsum,rag,vllm_apc,20263762,/home/jade_hand/research/shadowkv/results_vllm_qwen32b_no_cache_apc_overlay_energy_5total_2026-07-01/full/rep_3/xsum/rag/vllm_apc/benchmark_vllm_apc_Qwen_Qwen2_5-32B-Instruct_public_dataset_xsum_rag.json,256,78.88138833823177,85.72240255307406,105.97317386418581,108.20365601684897,12.676960086329482,104778,105034,0,104778.0,33984.0,33984.0,33984.0,11881.532,9859.56255649407,46.412234375,38.51391623630496,0.1133972017026475,nvml,,False,balanced,0,0,0,0
3,/home/jade_hand/research/shadowkv/results_vllm_qwen32b_no_cache_apc_overlay_energy_5total_2026-07-01,full,xsum,rag,vllm_apc_shadowkv_plus,20263763,/home/jade_hand/research/shadowkv/results_vllm_qwen32b_no_cache_apc_overlay_energy_5total_2026-07-01/full/rep_3/xsum/rag/vllm_apc_shadowkv_plus/benchmark_vllm_apc_shadowkv_plus_Qwen_Qwen2_5-32B-Instruct_public_dataset_xsum_rag.json,256,79.80345518444665,86.50956151541322,107.0595191558823,109.22586357919499,12.530546943460982,103673,103929,0,103673.0,32944.0,32944.0,32944.0,12080.561,10023.040772060634,47.18969140625,39.15250301586185,0.11652562383648588,nvml,,True,aggressive_prefix,255,1,1,1
3,/home/jade_hand/research/shadowkv/results_vllm_qwen32b_no_cache_apc_overlay_energy_5total_2026-07-01,full,xsum,rag,vllm_no_cache,20263764,/home/jade_hand/research/shadowkv/results_vllm_qwen32b_no_cache_apc_overlay_energy_5total_2026-07-01/full/rep_3/xsum/rag/vllm_no_cache/benchmark_vllm_no_cache_Qwen_Qwen2_5-32B-Instruct_public_dataset_xsum_rag.json,256,101.56817203915125,108.61371562350541,112.26839304435998,133.07892135344446,9.845420620965935,104771,105027,0,0.0,0.0,0.0,0.0,15501.01,12898.314938702306,60.5508203125,50.38404272930588,0.14795134149717,nvml,,False,balanced,0,0,0,0
3,/home/jade_hand/research/shadowkv/results_vllm_qwen32b_no_cache_apc_overlay_energy_5total_2026-07-01,full,xsum,templated,vllm_apc,20263933,/home/jade_hand/research/shadowkv/results_vllm_qwen32b_no_cache_apc_overlay_energy_5total_2026-07-01/full/rep_3/xsum/templated/vllm_apc/benchmark_vllm_apc_Qwen_Qwen2_5-32B-Instruct_public_dataset_xsum_templated.json,256,78.88923402333603,85.45875502750278,106.2615707051009,107.27335676783696,12.675719100145265,99362,99618,0,99362.0,29328.0,29328.0,29328.0,11916.376,9981.037002028605,46.54834375,38.98842578917424,0.11992890642297861,nvml,,False,balanced,0,0,0,0
3,/home/jade_hand/research/shadowkv/results_vllm_qwen32b_no_cache_apc_overlay_energy_5total_2026-07-01,full,xsum,templated,vllm_apc_shadowkv_plus,20263934,/home/jade_hand/research/shadowkv/results_vllm_qwen32b_no_cache_apc_overlay_energy_5total_2026-07-01/full/rep_3/xsum/templated/vllm_apc_shadowkv_plus/benchmark_vllm_apc_shadowkv_plus_Qwen_Qwen2_5-32B-Instruct_public_dataset_xsum_templated.json,256,79.28778906443767,86.2497859634459,106.2456474173814,109.30463818367569,12.61201601953368,99668,99924,0,99668.0,29216.0,29216.0,29216.0,11983.682,9940.30480052468,46.8112578125,38.82931562704953,0.12023600353172534,nvml,,True,aggressive_prefix,255,1,1,1
3,/home/jade_hand/research/shadowkv/results_vllm_qwen32b_no_cache_apc_overlay_energy_5total_2026-07-01,full,xsum,templated,vllm_no_cache,20263932,/home/jade_hand/research/shadowkv/results_vllm_qwen32b_no_cache_apc_overlay_energy_5total_2026-07-01/full/rep_3/xsum/templated/vllm_no_cache/benchmark_vllm_no_cache_Qwen_Qwen2_5-32B-Instruct_public_dataset_xsum_templated.json,256,99.15734092373896,107.4962574057281,111.67572648264468,134.03283373918384,10.084796067139541,100291,100547,0,0.0,0.0,0.0,0.0,15178.207,12572.251863133708,59.28987109375,49.11035884036605,0.15134166575265975,nvml,,False,balanced,0,0,0,0
4,/home/jade_hand/research/shadowkv/results_vllm_qwen32b_no_cache_apc_overlay_energy_5total_2026-07-01,full,ag_news,rag,vllm_apc,20265034,/home/jade_hand/research/shadowkv/results_vllm_qwen32b_no_cache_apc_overlay_energy_5total_2026-07-01/full/rep_4/ag_news/rag/vllm_apc/benchmark_vllm_apc_Qwen_Qwen2_5-32B-Instruct_public_dataset_ag_news_rag.json,256,52.01884886082553,51.73626251053065,54.94265502784401,55.83004609216004,19.223110923873016,41365,41621,0,41365.0,25344.0,25344.0,25344.0,6850.098,5554.87706929076,26.7581953125,21.69873855191703,0.16560130545146864,nvml,,False,balanced,0,0,0,0
4,/home/jade_hand/research/shadowkv/results_vllm_qwen32b_no_cache_apc_overlay_energy_5total_2026-07-01,full,ag_news,rag,vllm_apc_shadowkv_plus,20265033,/home/jade_hand/research/shadowkv/results_vllm_qwen32b_no_cache_apc_overlay_energy_5total_2026-07-01/full/rep_4/ag_news/rag/vllm_apc_shadowkv_plus/benchmark_vllm_apc_shadowkv_plus_Qwen_Qwen2_5-32B-Instruct_public_dataset_ag_news_rag.json,256,53.024151861791324,53.02535055670887,55.48700876533985,56.10701186815277,18.858822020556694,41796,42052,0,41796.0,25376.0,25376.0,25376.0,6944.034,5638.043506158971,27.1251328125,22.02360744593348,0.16614111398219925,nvml,,True,low_latency,255,1,1,1
4,/home/jade_hand/research/shadowkv/results_vllm_qwen32b_no_cache_apc_overlay_energy_5total_2026-07-01,full,ag_news,rag,vllm_no_cache,20265032,/home/jade_hand/research/shadowkv/results_vllm_qwen32b_no_cache_apc_overlay_energy_5total_2026-07-01/full/rep_4/ag_news/rag/vllm_no_cache/benchmark_vllm_no_cache_Qwen_Qwen2_5-32B-Instruct_public_dataset_ag_news_rag.json,256,61.398100161568436,60.978838009759784,63.76736471429467,73.48956969799455,16.28661438882267,41821,42077,0,0.0,0.0,0.0,0.0,9422.169,7917.662496165978,36.80534765625,30.928369125648352,0.2252975538605007,nvml,,False,balanced,0,0,0,0
4,/home/jade_hand/research/shadowkv/results_vllm_qwen32b_no_cache_apc_overlay_energy_5total_2026-07-01,full,ag_news,templated,vllm_apc,20264742,/home/jade_hand/research/shadowkv/results_vllm_qwen32b_no_cache_apc_overlay_energy_5total_2026-07-01/full/rep_4/ag_news/templated/vllm_apc/benchmark_vllm_apc_Qwen_Qwen2_5-32B-Instruct_public_dataset_ag_news_templated.json,256,52.52593256227556,52.02520953025669,54.61536411894485,55.361179169267416,19.03758195853118,38287,38543,0,38287.0,22080.0,22080.0,22080.0,6921.193,5596.69431577825,27.03591015625,21.86208717100879,0.18077135842453051,nvml,,False,balanced,0,0,0,0
4,/home/jade_hand/research/shadowkv/results_vllm_qwen32b_no_cache_apc_overlay_energy_5total_2026-07-01,full,ag_news,templated,vllm_apc_shadowkv_plus,20264743,/home/jade_hand/research/shadowkv/results_vllm_qwen32b_no_cache_apc_overlay_energy_5total_2026-07-01/full/rep_4/ag_news/templated/vllm_apc_shadowkv_plus/benchmark_vllm_apc_shadowkv_plus_Qwen_Qwen2_5-32B-Instruct_public_dataset_ag_news_templated.json,256,52.74387023473537,52.871054504066706,55.11929851491004,56.650824286043644,18.95903374102676,38249,38505,0,38249.0,22128.0,22128.0,22128.0,6916.901,5563.925775999857,27.01914453125,21.734085062499442,0.18083874088211457,nvml,,True,low_latency,255,1,1,1
4,/home/jade_hand/research/shadowkv/results_vllm_qwen32b_no_cache_apc_overlay_energy_5total_2026-07-01,full,ag_news,templated,vllm_no_cache,20264744,/home/jade_hand/research/shadowkv/results_vllm_qwen32b_no_cache_apc_overlay_energy_5total_2026-07-01/full/rep_4/ag_news/templated/vllm_no_cache/benchmark_vllm_no_cache_Qwen_Qwen2_5-32B-Instruct_public_dataset_ag_news_templated.json,256,60.60950215305638,60.796041041612625,61.97378010256216,63.82705743890256,16.49857779940761,38723,38979,0,0.0,0.0,0.0,0.0,9272.103,7767.360844485535,36.21915234375,30.341253298771623,0.2394469178524391,nvml,,False,balanced,0,0,0,0
4,/home/jade_hand/research/shadowkv/results_vllm_qwen32b_no_cache_apc_overlay_energy_5total_2026-07-01,full,daily_dialog,rag,vllm_apc,20264784,/home/jade_hand/research/shadowkv/results_vllm_qwen32b_no_cache_apc_overlay_energy_5total_2026-07-01/full/rep_4/daily_dialog/rag/vllm_apc/benchmark_vllm_apc_Qwen_Qwen2_5-32B-Instruct_public_dataset_daily_dialog_rag.json,256,53.994992350453686,51.65022856090218,61.41621479764581,66.23272424330935,18.519592562399577,53077,53333,0,53077.0,33920.0,33920.0,33920.0,7335.464,5947.771069050446,28.65415625,23.233480738478306,0.13820419390696534,nvml,,False,balanced,0,0,0,0
4,/home/jade_hand/research/shadowkv/results_vllm_qwen32b_no_cache_apc_overlay_energy_5total_2026-07-01,full,daily_dialog,rag,vllm_apc_shadowkv_plus,20264782,/home/jade_hand/research/shadowkv/results_vllm_qwen32b_no_cache_apc_overlay_energy_5total_2026-07-01/full/rep_4/daily_dialog/rag/vllm_apc_shadowkv_plus/benchmark_vllm_apc_shadowkv_plus_Qwen_Qwen2_5-32B-Instruct_public_dataset_daily_dialog_rag.json,256,53.86024559265934,52.25988943129778,62.51210573827848,65.30361113836989,18.566004894248106,51944,52200,0,51944.0,33552.0,33552.0,33552.0,7169.138,5841.521946513021,28.0044453125,22.81844510356649,0.13801667180040042,nvml,,True,low_latency,255,1,1,1
4,/home/jade_hand/research/shadowkv/results_vllm_qwen32b_no_cache_apc_overlay_energy_5total_2026-07-01,full,daily_dialog,rag,vllm_no_cache,20264783,/home/jade_hand/research/shadowkv/results_vllm_qwen32b_no_cache_apc_overlay_energy_5total_2026-07-01/full/rep_4/daily_dialog/rag/vllm_no_cache/benchmark_vllm_no_cache_Qwen_Qwen2_5-32B-Instruct_public_dataset_daily_dialog_rag.json,256,64.91371025458648,62.483183457516134,83.13232596265152,85.6900001061149,15.404713892649399,49713,49969,0,0.0,0.0,0.0,0.0,9941.651,8342.818227566462,38.83457421875,32.58913370143149,0.19998091042584434,nvml,,False,balanced,0,0,0,0
4,/home/jade_hand/research/shadowkv/results_vllm_qwen32b_no_cache_apc_overlay_energy_5total_2026-07-01,full,daily_dialog,templated,vllm_apc,20264873,/home/jade_hand/research/shadowkv/results_vllm_qwen32b_no_cache_apc_overlay_energy_5total_2026-07-01/full/rep_4/daily_dialog/templated/vllm_apc/benchmark_vllm_apc_Qwen_Qwen2_5-32B-Instruct_public_dataset_daily_dialog_templated.json,256,52.906078047271876,50.797451520338655,60.75964524643496,71.47579292068241,18.90081155730214,45814,46070,0,45814.0,29536.0,29536.0,29536.0,6967.297,5608.236682604054,27.21600390625,21.907174541422087,0.15207790195136855,nvml,,False,balanced,0,0,0,0
4,/home/jade_hand/research/shadowkv/results_vllm_qwen32b_no_cache_apc_overlay_energy_5total_2026-07-01,full,daily_dialog,templated,vllm_apc_shadowkv_plus,20264874,/home/jade_hand/research/shadowkv/results_vllm_qwen32b_no_cache_apc_overlay_energy_5total_2026-07-01/full/rep_4/daily_dialog/templated/vllm_apc_shadowkv_plus/benchmark_vllm_apc_shadowkv_plus_Qwen_Qwen2_5-32B-Instruct_public_dataset_daily_dialog_templated.json,256,53.94678227366967,52.79074946884066,61.90089462324977,66.29433233756572,18.53626369926552,48096,48352,0,48096.0,30032.0,30032.0,30032.0,7125.407,5760.746350114528,27.83362109375,22.502915430134873,0.14814967980705257,nvml,,True,low_latency,255,1,1,1
4,/home/jade_hand/research/shadowkv/results_vllm_qwen32b_no_cache_apc_overlay_energy_5total_2026-07-01,full,daily_dialog,templated,vllm_no_cache,20264872,/home/jade_hand/research/shadowkv/results_vllm_qwen32b_no_cache_apc_overlay_energy_5total_2026-07-01/full/rep_4/daily_dialog/templated/vllm_no_cache/benchmark_vllm_no_cache_Qwen_Qwen2_5-32B-Instruct_public_dataset_daily_dialog_templated.json,256,63.54646259751462,61.403117957524955,82.03830441925675,85.75262258527799,15.736114596355682,47167,47423,0,0.0,0.0,0.0,0.0,9736.943,8182.859300863463,38.03493359375,31.964294143997904,0.20643549515551127,nvml,,False,balanced,0,0,0,0
4,/home/jade_hand/research/shadowkv/results_vllm_qwen32b_no_cache_apc_overlay_energy_5total_2026-07-01,full,dolly,rag,vllm_apc,20264883,/home/jade_hand/research/shadowkv/results_vllm_qwen32b_no_cache_apc_overlay_energy_5total_2026-07-01/full/rep_4/dolly/rag/vllm_apc/benchmark_vllm_apc_Qwen_Qwen2_5-32B-Instruct_public_dataset_dolly_rag.json,256,55.14622759892518,50.286532496102154,78.27426283620298,83.26415478950366,18.132988394439835,49831,50087,0,49831.0,29792.0,29792.0,29792.0,7368.092,6008.575672434756,28.781609375,23.470998720448264,0.14786161224940297,nvml,,False,balanced,0,0,0,0
4,/home/jade_hand/research/shadowkv/results_vllm_qwen32b_no_cache_apc_overlay_energy_5total_2026-07-01,full,dolly,rag,vllm_apc_shadowkv_plus,20264882,/home/jade_hand/research/shadowkv/results_vllm_qwen32b_no_cache_apc_overlay_energy_5total_2026-07-01/full/rep_4/dolly/rag/vllm_apc_shadowkv_plus/benchmark_vllm_apc_shadowkv_plus_Qwen_Qwen2_5-32B-Instruct_public_dataset_dolly_rag.json,256,53.98204437278764,50.91579456347972,65.94144232803956,80.23864571005106,18.52419956924372,46520,46776,0,46520.0,29568.0,29568.0,29568.0,7142.123,5740.912734622372,27.89891796875,22.42544036961864,0.1535280094582975,nvml,,True,low_latency,255,1,1,1
4,/home/jade_hand/research/shadowkv/results_vllm_qwen32b_no_cache_apc_overlay_energy_5total_2026-07-01,full,dolly,rag,vllm_no_cache,20264884,/home/jade_hand/research/shadowkv/results_vllm_qwen32b_no_cache_apc_overlay_energy_5total_2026-07-01/full/rep_4/dolly/rag/vllm_no_cache/benchmark_vllm_no_cache_Qwen_Qwen2_5-32B-Instruct_public_dataset_dolly_rag.json,256,64.89331850571034,60.027084662579,85.7411032775417,101.47561334306371,15.409506617198932,47281,47537,0,0.0,0.0,0.0,0.0,9905.4,8281.071968324906,38.69296875,32.347937376269165,0.2095006450794188,nvml,,False,balanced,0,0,0,0
4,/home/jade_hand/research/shadowkv/results_vllm_qwen32b_no_cache_apc_overlay_energy_5total_2026-07-01,full,dolly,templated,vllm_apc,20264993,/home/jade_hand/research/shadowkv/results_vllm_qwen32b_no_cache_apc_overlay_energy_5total_2026-07-01/full/rep_4/dolly/templated/vllm_apc/benchmark_vllm_apc_Qwen_Qwen2_5-32B-Instruct_public_dataset_dolly_templated.json,256,53.16980361658352,49.93399151135236,64.09287068527192,78.26454143505542,18.807049379242947,41444,41700,0,41444.0,25280.0,25280.0,25280.0,7009.795,5705.573898066559,27.38201171875,22.287398039322497,0.16913895859473024,nvml,,False,balanced,0,0,0,0
4,/home/jade_hand/research/shadowkv/results_vllm_qwen32b_no_cache_apc_overlay_energy_5total_2026-07-01,full,dolly,templated,vllm_apc_shadowkv_plus,20264994,/home/jade_hand/research/shadowkv/results_vllm_qwen32b_no_cache_apc_overlay_energy_5total_2026-07-01/full/rep_4/dolly/templated/vllm_apc_shadowkv_plus/benchmark_vllm_apc_shadowkv_plus_Qwen_Qwen2_5-32B-Instruct_public_dataset_dolly_templated.json,256,53.01450668594043,50.498237600550056,65.52750465925783,67.13085966184735,18.862196948572148,40525,40781,0,40525.0,25664.0,25664.0,25664.0,6840.4,5498.8064279630535,26.7203125,21.479712609230678,0.16879457125231337,nvml,,True,low_latency,255,1,1,1
4,/home/jade_hand/research/shadowkv/results_vllm_qwen32b_no_cache_apc_overlay_energy_5total_2026-07-01,full,dolly,templated,vllm_no_cache,20264992,/home/jade_hand/research/shadowkv/results_vllm_qwen32b_no_cache_apc_overlay_energy_5total_2026-07-01/full/rep_4/dolly/templated/vllm_no_cache/benchmark_vllm_no_cache_Qwen_Qwen2_5-32B-Instruct_public_dataset_dolly_templated.json,256,61.55645548187749,54.78136753663421,83.58417882118374,86.02419695816933,16.24477628901459,42920,43176,0,0.0,0.0,0.0,0.0,9248.315,7734.728132187891,36.12623046875,30.21378176635895,0.21547798229263748,nvml,,False,balanced,0,0,0,0
4,/home/jade_hand/research/shadowkv/results_vllm_qwen32b_no_cache_apc_overlay_energy_5total_2026-07-01,full,samsum,rag,vllm_apc,20264823,/home/jade_hand/research/shadowkv/results_vllm_qwen32b_no_cache_apc_overlay_energy_5total_2026-07-01/full/rep_4/samsum/rag/vllm_apc/benchmark_vllm_apc_Qwen_Qwen2_5-32B-Instruct_public_dataset_samsum_rag.json,256,57.26092105578573,53.65940404590219,81.1134097748436,83.08651583502069,17.46335888531636,64478,64734,0,64478.0,34560.0,34560.0,34560.0,8290.728,6807.816507011368,32.38565625,26.593033230513157,0.12858227612518996,nvml,,False,balanced,0,0,0,0
4,/home/jade_hand/research/shadowkv/results_vllm_qwen32b_no_cache_apc_overlay_energy_5total_2026-07-01,full,samsum,rag,vllm_apc_shadowkv_plus,20264822,/home/jade_hand/research/shadowkv/results_vllm_qwen32b_no_cache_apc_overlay_energy_5total_2026-07-01/full/rep_4/samsum/rag/vllm_apc_shadowkv_plus/benchmark_vllm_apc_shadowkv_plus_Qwen_Qwen2_5-32B-Instruct_public_dataset_samsum_rag.json,256,59.82557883635309,55.67258095834404,82.82211690675467,84.40806331345811,16.71483660471202,66878,67134,0,66878.0,33904.0,33904.0,33904.0,8650.819,7091.82351619143,33.79226171875,27.702435610122773,0.1293522384042585,nvml,,True,aggressive_prefix,255,1,1,1
4,/home/jade_hand/research/shadowkv/results_vllm_qwen32b_no_cache_apc_overlay_energy_5total_2026-07-01,full,samsum,rag,vllm_no_cache,20264824,/home/jade_hand/research/shadowkv/results_vllm_qwen32b_no_cache_apc_overlay_energy_5total_2026-07-01/full/rep_4/samsum/rag/vllm_no_cache/benchmark_vllm_no_cache_Qwen_Qwen2_5-32B-Instruct_public_dataset_samsum_rag.json,256,75.54195261582208,66.22261146549135,106.8941752309911,108.64004864124581,13.237346419359717,67047,67303,0,0.0,0.0,0.0,0.0,11554.06,9697.379504472608,45.133046875,37.88038868934613,0.17232777007174072,nvml,,False,balanced,0,0,0,0
4,/home/jade_hand/research/shadowkv/results_vllm_qwen32b_no_cache_apc_overlay_energy_5total_2026-07-01,full,samsum,templated,vllm_apc,20264953,/home/jade_hand/research/shadowkv/results_vllm_qwen32b_no_cache_apc_overlay_energy_5total_2026-07-01/full/rep_4/samsum/templated/vllm_apc/benchmark_vllm_apc_Qwen_Qwen2_5-32B-Instruct_public_dataset_samsum_templated.json,256,59.19865240684885,54.71904645673931,81.9544059340842,84.23754388932139,16.891792602131325,65534,65790,0,65534.0,30320.0,30320.0,30320.0,8613.764,7165.546077361625,33.647515625,27.990414364693848,0.13143961912900173,nvml,,False,balanced,0,0,0,0
4,/home/jade_hand/research/shadowkv/results_vllm_qwen32b_no_cache_apc_overlay_energy_5total_2026-07-01,full,samsum,templated,vllm_apc_shadowkv_plus,20264952,/home/jade_hand/research/shadowkv/results_vllm_qwen32b_no_cache_apc_overlay_energy_5total_2026-07-01/full/rep_4/samsum/templated/vllm_apc_shadowkv_plus/benchmark_vllm_apc_shadowkv_plus_Qwen_Qwen2_5-32B-Instruct_public_dataset_samsum_templated.json,256,58.85599900375382,55.31308555509895,82.63014117255807,84.36890445882455,16.990210348376447,62035,62291,0,62035.0,30272.0,30272.0,30272.0,8445.038,6958.776216720407,32.9884296875,27.18271959656409,0.13613344079954864,nvml,,True,low_latency,255,1,1,1
4,/home/jade_hand/research/shadowkv/results_vllm_qwen32b_no_cache_apc_overlay_energy_5total_2026-07-01,full,samsum,templated,vllm_no_cache,20264954,/home/jade_hand/research/shadowkv/results_vllm_qwen32b_no_cache_apc_overlay_energy_5total_2026-07-01/full/rep_4/samsum/templated/vllm_no_cache/benchmark_vllm_no_cache_Qwen_Qwen2_5-32B-Instruct_public_dataset_samsum_templated.json,256,74.67107224238134,65.38709450978786,105.70543230278417,107.989949779585,13.391758809426257,64694,64950,0,0.0,0.0,0.0,0.0,11434.803,9513.583453827807,44.66719921875,37.16243536651487,0.17675214084768293,nvml,,False,balanced,0,0,0,0
4,/home/jade_hand/research/shadowkv/results_vllm_qwen32b_no_cache_apc_overlay_energy_5total_2026-07-01,full,xsum,rag,vllm_apc,20264902,/home/jade_hand/research/shadowkv/results_vllm_qwen32b_no_cache_apc_overlay_energy_5total_2026-07-01/full/rep_4/xsum/rag/vllm_apc/benchmark_vllm_apc_Qwen_Qwen2_5-32B-Instruct_public_dataset_xsum_rag.json,256,78.07156383114489,84.89929640199989,105.60331924352795,107.47153012780473,12.8084226516021,102726,102982,0,102726.0,33696.0,33696.0,33696.0,11813.942,9906.102852819338,46.1482109375,38.69571426882554,0.11500440005451394,nvml,,False,balanced,0,0,0,0
4,/home/jade_hand/research/shadowkv/results_vllm_qwen32b_no_cache_apc_overlay_energy_5total_2026-07-01,full,xsum,rag,vllm_apc_shadowkv_plus,20264903,/home/jade_hand/research/shadowkv/results_vllm_qwen32b_no_cache_apc_overlay_energy_5total_2026-07-01/full/rep_4/xsum/rag/vllm_apc_shadowkv_plus/benchmark_vllm_apc_shadowkv_plus_Qwen_Qwen2_5-32B-Instruct_public_dataset_xsum_rag.json,256,79.36296780917473,86.39471756760031,106.29630245966837,108.04096384672448,12.600093170709027,103754,104010,0,103754.0,33472.0,33472.0,33472.0,11968.834,9987.619241091194,46.7532578125,39.014137660512475,0.11535780789174394,nvml,,True,low_latency,255,1,1,1
4,/home/jade_hand/research/shadowkv/results_vllm_qwen32b_no_cache_apc_overlay_energy_5total_2026-07-01,full,xsum,rag,vllm_no_cache,20264904,/home/jade_hand/research/shadowkv/results_vllm_qwen32b_no_cache_apc_overlay_energy_5total_2026-07-01/full/rep_4/xsum/rag/vllm_no_cache/benchmark_vllm_no_cache_Qwen_Qwen2_5-32B-Instruct_public_dataset_xsum_rag.json,256,100.91980685774615,108.71435690205544,112.36629408085719,131.50702528655526,9.908670319871838,104331,104587,0,0.0,0.0,0.0,0.0,15486.638,12969.108949540703,60.4946796875,50.66058183414337,0.1484375497215593,nvml,,False,balanced,0,0,0,0
4,/home/jade_hand/research/shadowkv/results_vllm_qwen32b_no_cache_apc_overlay_energy_5total_2026-07-01,full,xsum,templated,vllm_apc,20264854,/home/jade_hand/research/shadowkv/results_vllm_qwen32b_no_cache_apc_overlay_energy_5total_2026-07-01/full/rep_4/xsum/templated/vllm_apc/benchmark_vllm_apc_Qwen_Qwen2_5-32B-Instruct_public_dataset_xsum_templated.json,256,79.09586356072396,85.55103198159486,105.87983293225989,108.27831499045715,12.642595831499573,99415,99671,0,99415.0,28992.0,28992.0,28992.0,11891.054,9941.50614749609,46.4494296875,38.8340083886566,0.11961026002112357,nvml,,False,balanced,0,0,0,0
4,/home/jade_hand/research/shadowkv/results_vllm_qwen32b_no_cache_apc_overlay_energy_5total_2026-07-01,full,xsum,templated,vllm_apc_shadowkv_plus,20264852,/home/jade_hand/research/shadowkv/results_vllm_qwen32b_no_cache_apc_overlay_energy_5total_2026-07-01/full/rep_4/xsum/templated/vllm_apc_shadowkv_plus/benchmark_vllm_apc_shadowkv_plus_Qwen_Qwen2_5-32B-Instruct_public_dataset_xsum_templated.json,256,79.74286658918572,86.39155048877001,106.43203533254564,115.06917722290368,12.540062103833247,99785,100041,0,99785.0,29632.0,29632.0,29632.0,12018.353,9998.92012017198,46.94669140625,39.0582817194218,0.12044248133486996,nvml,,True,low_latency,255,1,1,1
4,/home/jade_hand/research/shadowkv/results_vllm_qwen32b_no_cache_apc_overlay_energy_5total_2026-07-01,full,xsum,templated,vllm_no_cache,20264853,/home/jade_hand/research/shadowkv/results_vllm_qwen32b_no_cache_apc_overlay_energy_5total_2026-07-01/full/rep_4/xsum/templated/vllm_no_cache/benchmark_vllm_no_cache_Qwen_Qwen2_5-32B-Instruct_public_dataset_xsum_templated.json,256,100.30492387249978,108.53654856327921,112.02262784354389,113.44795085024089,9.96943284895372,101929,102185,0,0.0,0.0,0.0,0.0,15336.021,12764.47563625739,59.90633203125,49.86123295413043,0.15045787754221077,nvml,,False,balanced,0,0,0,0
5,/home/jade_hand/research/shadowkv/results_vllm_qwen32b_no_cache_apc_overlay_energy_5total_2026-07-01,full,ag_news,rag,vllm_apc,20265972,/home/jade_hand/research/shadowkv/results_vllm_qwen32b_no_cache_apc_overlay_energy_5total_2026-07-01/full/rep_5/ag_news/rag/vllm_apc/benchmark_vllm_apc_Qwen_Qwen2_5-32B-Instruct_public_dataset_ag_news_rag.json,256,52.59176780964481,51.669090637005866,54.39046997344121,55.74004640802741,19.01367067646237,41746,42002,0,41746.0,25488.0,25488.0,25488.0,6914.756,5574.150965961733,27.010765625,21.77402721078802,0.1656387677861352,nvml,,False,balanced,0,0,0,0
5,/home/jade_hand/research/shadowkv/results_vllm_qwen32b_no_cache_apc_overlay_energy_5total_2026-07-01,full,ag_news,rag,vllm_apc_shadowkv_plus,20265974,/home/jade_hand/research/shadowkv/results_vllm_qwen32b_no_cache_apc_overlay_energy_5total_2026-07-01/full/rep_5/ag_news/rag/vllm_apc_shadowkv_plus/benchmark_vllm_apc_shadowkv_plus_Qwen_Qwen2_5-32B-Instruct_public_dataset_ag_news_rag.json,256,52.69149813830154,52.54525411874056,55.2319988491945,56.08089171582833,18.977873940260725,41316,41572,0,41316.0,25488.0,25488.0,25488.0,6878.845,5533.334085262793,26.87048828125,21.614586270557787,0.16649348920515056,nvml,,True,low_latency,255,1,1,1
5,/home/jade_hand/research/shadowkv/results_vllm_qwen32b_no_cache_apc_overlay_energy_5total_2026-07-01,full,ag_news,rag,vllm_no_cache,20265973,/home/jade_hand/research/shadowkv/results_vllm_qwen32b_no_cache_apc_overlay_energy_5total_2026-07-01/full/rep_5/ag_news/rag/vllm_no_cache/benchmark_vllm_no_cache_Qwen_Qwen2_5-32B-Instruct_public_dataset_ag_news_rag.json,256,61.18856091870839,61.056696460582316,63.17840697010979,64.60599063429981,16.342385249106975,41631,41887,0,0.0,0.0,0.0,0.0,9368.616,7768.859216525795,36.59615625,30.347106314553887,0.2250394177415868,nvml,,False,balanced,0,0,0,0
5,/home/jade_hand/research/shadowkv/results_vllm_qwen32b_no_cache_apc_overlay_energy_5total_2026-07-01,full,ag_news,templated,vllm_apc,20265963,/home/jade_hand/research/shadowkv/results_vllm_qwen32b_no_cache_apc_overlay_energy_5total_2026-07-01/full/rep_5/ag_news/templated/vllm_apc/benchmark_vllm_apc_Qwen_Qwen2_5-32B-Instruct_public_dataset_ag_news_templated.json,256,52.017474460626545,52.263219840824604,54.44072763202712,57.5691329198889,19.22368985598986,39003,39259,0,39003.0,22368.0,22368.0,22368.0,6932.463,5659.069679924126,27.07993359375,22.105740937203617,0.17774178909314667,nvml,,False,balanced,0,0,0,0
5,/home/jade_hand/research/shadowkv/results_vllm_qwen32b_no_cache_apc_overlay_energy_5total_2026-07-01,full,ag_news,templated,vllm_apc_shadowkv_plus,20265962,/home/jade_hand/research/shadowkv/results_vllm_qwen32b_no_cache_apc_overlay_energy_5total_2026-07-01/full/rep_5/ag_news/templated/vllm_apc_shadowkv_plus/benchmark_vllm_apc_shadowkv_plus_Qwen_Qwen2_5-32B-Instruct_public_dataset_ag_news_templated.json,256,52.87166124344367,53.020360064692795,55.94445549650118,60.61743748141452,18.913228936439886,38842,39098,0,38842.0,22096.0,22096.0,22096.0,6979.139,5620.871624392149,27.26226171875,21.956529782781832,0.17968021729056177,nvml,,True,aggressive_prefix,255,1,1,1
5,/home/jade_hand/research/shadowkv/results_vllm_qwen32b_no_cache_apc_overlay_energy_5total_2026-07-01,full,ag_news,templated,vllm_no_cache,20265964,/home/jade_hand/research/shadowkv/results_vllm_qwen32b_no_cache_apc_overlay_energy_5total_2026-07-01/full/rep_5/ag_news/templated/vllm_no_cache/benchmark_vllm_no_cache_Qwen_Qwen2_5-32B-Instruct_public_dataset_ag_news_templated.json,256,60.32084911021229,60.44292461592704,61.80235295323655,63.60685955733061,16.577574458841777,38648,38904,0,0.0,0.0,0.0,0.0,9231.518,7746.373776673676,36.0606171875,30.259272565131546,0.23886146760505073,nvml,,False,balanced,0,0,0,0
5,/home/jade_hand/research/shadowkv/results_vllm_qwen32b_no_cache_apc_overlay_energy_5total_2026-07-01,full,daily_dialog,rag,vllm_apc,20265914,/home/jade_hand/research/shadowkv/results_vllm_qwen32b_no_cache_apc_overlay_energy_5total_2026-07-01/full/rep_5/daily_dialog/rag/vllm_apc/benchmark_vllm_apc_Qwen_Qwen2_5-32B-Instruct_public_dataset_daily_dialog_rag.json,256,52.39199641528103,50.76311551965773,60.40458573261276,62.16790439793839,19.08622759456984,51543,51799,0,51543.0,34368.0,34368.0,34368.0,7074.939,5793.842547640205,27.63648046875,22.632197451719552,0.137262848495431,nvml,,False,balanced,0,0,0,0
5,/home/jade_hand/research/shadowkv/results_vllm_qwen32b_no_cache_apc_overlay_energy_5total_2026-07-01,full,daily_dialog,rag,vllm_apc_shadowkv_plus,20265912,/home/jade_hand/research/shadowkv/results_vllm_qwen32b_no_cache_apc_overlay_energy_5total_2026-07-01/full/rep_5/daily_dialog/rag/vllm_apc_shadowkv_plus/benchmark_vllm_apc_shadowkv_plus_Qwen_Qwen2_5-32B-Instruct_public_dataset_daily_dialog_rag.json,256,53.18430143415753,51.57787539064884,61.62245001178235,65.27979221427813,18.80200453288388,50265,50521,0,50265.0,34144.0,34144.0,34144.0,7024.142,5637.1043153284045,27.4380546875,22.01993873175158,0.13974220630657516,nvml,,True,low_latency,255,1,1,1
5,/home/jade_hand/research/shadowkv/results_vllm_qwen32b_no_cache_apc_overlay_energy_5total_2026-07-01,full,daily_dialog,rag,vllm_no_cache,20265913,/home/jade_hand/research/shadowkv/results_vllm_qwen32b_no_cache_apc_overlay_energy_5total_2026-07-01/full/rep_5/daily_dialog/rag/vllm_no_cache/benchmark_vllm_no_cache_Qwen_Qwen2_5-32B-Instruct_public_dataset_daily_dialog_rag.json,256,65.46822163363686,62.98001448158175,83.75043957494199,86.4066406735219,15.27416704199794,50715,50971,0,0.0,0.0,0.0,0.0,10055.106,8448.6734655545,39.2777578125,33.00263072482227,0.19826690328305235,nvml,,False,balanced,0,0,0,0
5,/home/jade_hand/research/shadowkv/results_vllm_qwen32b_no_cache_apc_overlay_energy_5total_2026-07-01,full,daily_dialog,templated,vllm_apc,20265752,/home/jade_hand/research/shadowkv/results_vllm_qwen32b_no_cache_apc_overlay_energy_5total_2026-07-01/full/rep_5/daily_dialog/templated/vllm_apc/benchmark_vllm_apc_Qwen_Qwen2_5-32B-Instruct_public_dataset_daily_dialog_templated.json,256,53.11624676505744,51.70018051285297,61.02877855300903,65.26374997338279,18.82600846503924,48042,48298,0,48042.0,29616.0,29616.0,29616.0,7197.71,5894.517974773006,28.1160546875,23.025460838957056,0.14982119811831315,nvml,,False,balanced,0,0,0,0
5,/home/jade_hand/research/shadowkv/results_vllm_qwen32b_no_cache_apc_overlay_energy_5total_2026-07-01,full,daily_dialog,templated,vllm_apc_shadowkv_plus,20265754,/home/jade_hand/research/shadowkv/results_vllm_qwen32b_no_cache_apc_overlay_energy_5total_2026-07-01/full/rep_5/daily_dialog/templated/vllm_apc_shadowkv_plus/benchmark_vllm_apc_shadowkv_plus_Qwen_Qwen2_5-32B-Instruct_public_dataset_daily_dialog_templated.json,256,53.68335716684669,52.11383861023933,61.70550419483334,65.54565221304074,18.627220524561604,47398,47654,0,47398.0,29680.0,29680.0,29680.0,7178.954,5780.34903950977,28.0427890625,22.579488435585038,0.15146111650280603,nvml,,True,aggressive_prefix,255,1,1,1
5,/home/jade_hand/research/shadowkv/results_vllm_qwen32b_no_cache_apc_overlay_energy_5total_2026-07-01,full,daily_dialog,templated,vllm_no_cache,20265753,/home/jade_hand/research/shadowkv/results_vllm_qwen32b_no_cache_apc_overlay_energy_5total_2026-07-01/full/rep_5/daily_dialog/templated/vllm_no_cache/benchmark_vllm_no_cache_Qwen_Qwen2_5-32B-Instruct_public_dataset_daily_dialog_templated.json,256,63.16143266576546,61.68618507217616,83.12502730404958,86.04459707858041,15.832038303445291,47472,47728,0,0.0,0.0,0.0,0.0,9697.777,8145.423941439057,37.88194140625,31.818062271246315,0.20428414644421974,nvml,,False,balanced,0,0,0,0
5,/home/jade_hand/research/shadowkv/results_vllm_qwen32b_no_cache_apc_overlay_energy_5total_2026-07-01,full,dolly,rag,vllm_apc,20265722,/home/jade_hand/research/shadowkv/results_vllm_qwen32b_no_cache_apc_overlay_energy_5total_2026-07-01/full/rep_5/dolly/rag/vllm_apc/benchmark_vllm_apc_Qwen_Qwen2_5-32B-Instruct_public_dataset_dolly_rag.json,256,53.70488776043203,50.132067990489304,64.8422161466442,80.33440285362302,18.619647198136057,45155,45411,0,45155.0,29200.0,29200.0,29200.0,7056.701,5703.269161757464,27.56523828125,22.278395163115093,0.15627728933672905,nvml,,False,balanced,0,0,0,0
5,/home/jade_hand/research/shadowkv/results_vllm_qwen32b_no_cache_apc_overlay_energy_5total_2026-07-01,full,dolly,rag,vllm_apc_shadowkv_plus,20265724,/home/jade_hand/research/shadowkv/results_vllm_qwen32b_no_cache_apc_overlay_energy_5total_2026-07-01/full/rep_5/dolly/rag/vllm_apc_shadowkv_plus/benchmark_vllm_apc_shadowkv_plus_Qwen_Qwen2_5-32B-Instruct_public_dataset_dolly_rag.json,256,54.91770256503514,51.2201024685055,66.39315030770376,81.88781351782382,18.20855730347387,49381,49637,0,49381.0,29760.0,29760.0,29760.0,7362.689,5944.864863927829,28.76050390625,23.222128374718082,0.14909963346226282,nvml,,True,low_latency,255,1,1,1
5,/home/jade_hand/research/shadowkv/results_vllm_qwen32b_no_cache_apc_overlay_energy_5total_2026-07-01,full,dolly,rag,vllm_no_cache,20265723,/home/jade_hand/research/shadowkv/results_vllm_qwen32b_no_cache_apc_overlay_energy_5total_2026-07-01/full/rep_5/dolly/rag/vllm_no_cache/benchmark_vllm_no_cache_Qwen_Qwen2_5-32B-Instruct_public_dataset_dolly_rag.json,256,65.59995682891895,60.08466996718198,86.22818737057969,105.82254052860662,15.24344973194149,47898,48154,0,0.0,0.0,0.0,0.0,10035.453,8424.994653059535,39.20098828125,32.91013536351381,0.20951716146811974,nvml,,False,balanced,0,0,0,0
5,/home/jade_hand/research/shadowkv/results_vllm_qwen32b_no_cache_apc_overlay_energy_5total_2026-07-01,full,dolly,templated,vllm_apc,20266002,/home/jade_hand/research/shadowkv/results_vllm_qwen32b_no_cache_apc_overlay_energy_5total_2026-07-01/full/rep_5/dolly/templated/vllm_apc/benchmark_vllm_apc_Qwen_Qwen2_5-32B-Instruct_public_dataset_dolly_templated.json,256,53.71187634864327,49.96352351736277,65.13406569138169,79.84096969012171,18.617223993824204,44087,44343,0,44087.0,25216.0,25216.0,25216.0,7243.046,5834.993675688018,28.2931484375,22.79294404565632,0.16428983600607888,nvml,,False,balanced,0,0,0,0
5,/home/jade_hand/research/shadowkv/results_vllm_qwen32b_no_cache_apc_overlay_energy_5total_2026-07-01,full,dolly,templated,vllm_apc_shadowkv_plus,20266004,/home/jade_hand/research/shadowkv/results_vllm_qwen32b_no_cache_apc_overlay_energy_5total_2026-07-01/full/rep_5/dolly/templated/vllm_apc_shadowkv_plus/benchmark_vllm_apc_shadowkv_plus_Qwen_Qwen2_5-32B-Instruct_public_dataset_dolly_templated.json,256,53.92020468843839,50.80591351725161,65.74868864845484,80.04054363118485,18.54545427512879,42761,43017,0,42761.0,25856.0,25856.0,25856.0,7034.771,5653.367101764436,27.47957421875,22.083465241267326,0.1645137157690419,nvml,,True,low_latency,255,1,1,1
5,/home/jade_hand/research/shadowkv/results_vllm_qwen32b_no_cache_apc_overlay_energy_5total_2026-07-01,full,dolly,templated,vllm_no_cache,20266003,/home/jade_hand/research/shadowkv/results_vllm_qwen32b_no_cache_apc_overlay_energy_5total_2026-07-01/full/rep_5/dolly/templated/vllm_no_cache/benchmark_vllm_no_cache_Qwen_Qwen2_5-32B-Instruct_public_dataset_dolly_templated.json,256,62.89188811842905,55.3239838918671,84.43020324921235,101.1089049745351,15.899856735963706,44796,45052,0,0.0,0.0,0.0,0.0,9473.252,7931.4411363162835,37.004890625,30.982191938735482,0.21147539958924905,nvml,,False,balanced,0,0,0,0
5,/home/jade_hand/research/shadowkv/results_vllm_qwen32b_no_cache_apc_overlay_energy_5total_2026-07-01,full,samsum,rag,vllm_apc,20265792,/home/jade_hand/research/shadowkv/results_vllm_qwen32b_no_cache_apc_overlay_energy_5total_2026-07-01/full/rep_5/samsum/rag/vllm_apc/benchmark_vllm_apc_Qwen_Qwen2_5-32B-Instruct_public_dataset_samsum_rag.json,256,58.33656648337637,54.22865762375295,81.37146476656199,83.31146736163646,17.141367385818075,67094,67350,0,67094.0,34432.0,34432.0,34432.0,8469.563,7028.528832684943,33.08423046875,27.45519075267556,0.1262342832444034,nvml,,False,balanced,0,0,0,0
5,/home/jade_hand/research/shadowkv/results_vllm_qwen32b_no_cache_apc_overlay_energy_5total_2026-07-01,full,samsum,rag,vllm_apc_shadowkv_plus,20265793,/home/jade_hand/research/shadowkv/results_vllm_qwen32b_no_cache_apc_overlay_energy_5total_2026-07-01/full/rep_5/samsum/rag/vllm_apc_shadowkv_plus/benchmark_vllm_apc_shadowkv_plus_Qwen_Qwen2_5-32B-Instruct_public_dataset_samsum_rag.json,256,59.61422107520775,55.46043999493122,83.01828126423061,84.8726243013516,16.774110586045516,67006,67262,0,67006.0,34576.0,34576.0,34576.0,8589.499,7094.389860934625,33.55273046875,27.71246039427588,0.12818999791063487,nvml,,True,low_latency,255,1,1,1
5,/home/jade_hand/research/shadowkv/results_vllm_qwen32b_no_cache_apc_overlay_energy_5total_2026-07-01,full,samsum,rag,vllm_no_cache,20265794,/home/jade_hand/research/shadowkv/results_vllm_qwen32b_no_cache_apc_overlay_energy_5total_2026-07-01/full/rep_5/samsum/rag/vllm_no_cache/benchmark_vllm_no_cache_Qwen_Qwen2_5-32B-Instruct_public_dataset_samsum_rag.json,256,75.2993260148287,65.63271442428231,107.79495170572773,109.2646504053846,13.280032438828778,66773,67029,0,0.0,0.0,0.0,0.0,11548.598,9620.838218294022,45.1117109375,37.581399290211024,0.17295310978988512,nvml,,False,balanced,0,0,0,0
5,/home/jade_hand/research/shadowkv/results_vllm_qwen32b_no_cache_apc_overlay_energy_5total_2026-07-01,full,samsum,templated,vllm_apc,20265894,/home/jade_hand/research/shadowkv/results_vllm_qwen32b_no_cache_apc_overlay_energy_5total_2026-07-01/full/rep_5/samsum/templated/vllm_apc/benchmark_vllm_apc_Qwen_Qwen2_5-32B-Instruct_public_dataset_samsum_templated.json,256,58.3438402873071,54.102539899758995,81.02489187149331,84.40949564101174,17.139240780035124,62737,62993,0,62737.0,30496.0,30496.0,30496.0,8481.59,7051.947607788977,33.1312109375,27.54667034292569,0.13519278894432313,nvml,,False,balanced,0,0,0,0
5,/home/jade_hand/research/shadowkv/results_vllm_qwen32b_no_cache_apc_overlay_energy_5total_2026-07-01,full,samsum,templated,vllm_apc_shadowkv_plus,20265892,/home/jade_hand/research/shadowkv/results_vllm_qwen32b_no_cache_apc_overlay_energy_5total_2026-07-01/full/rep_5/samsum/templated/vllm_apc_shadowkv_plus/benchmark_vllm_apc_shadowkv_plus_Qwen_Qwen2_5-32B-Instruct_public_dataset_samsum_templated.json,256,59.46580979798455,55.69670593831688,82.71230763057247,85.2551963063888,16.815969557018327,63455,63711,0,63455.0,30672.0,30672.0,30672.0,8599.281,7116.580856756424,33.59094140625,27.79914397170478,0.13551778425655978,nvml,,True,low_latency,255,1,1,1
5,/home/jade_hand/research/shadowkv/results_vllm_qwen32b_no_cache_apc_overlay_energy_5total_2026-07-01,full,samsum,templated,vllm_no_cache,20265893,/home/jade_hand/research/shadowkv/results_vllm_qwen32b_no_cache_apc_overlay_energy_5total_2026-07-01/full/rep_5/samsum/templated/vllm_no_cache/benchmark_vllm_no_cache_Qwen_Qwen2_5-32B-Instruct_public_dataset_samsum_templated.json,256,73.66386706326011,65.61826565302908,105.78089451882988,108.01070904126391,13.574845523969918,63432,63688,0,0.0,0.0,0.0,0.0,11301.158,9604.879911078424,44.1451484375,37.51906215265009,0.17816177954344808,nvml,,False,balanced,0,0,0,0
5,/home/jade_hand/research/shadowkv/results_vllm_qwen32b_no_cache_apc_overlay_energy_5total_2026-07-01,full,xsum,rag,vllm_apc,20266022,/home/jade_hand/research/shadowkv/results_vllm_qwen32b_no_cache_apc_overlay_energy_5total_2026-07-01/full/rep_5/xsum/rag/vllm_apc/benchmark_vllm_apc_Qwen_Qwen2_5-32B-Instruct_public_dataset_xsum_rag.json,256,79.4278144976488,85.50301543436944,105.45300226658583,106.98040678398684,12.58973546339127,104955,105211,0,104955.0,33472.0,33472.0,33472.0,11952.618,9968.450122119422,46.6899140625,38.93925828952899,0.11388326425610977,nvml,,False,balanced,0,0,0,0
5,/home/jade_hand/research/shadowkv/results_vllm_qwen32b_no_cache_apc_overlay_energy_5total_2026-07-01,full,xsum,rag,vllm_apc_shadowkv_plus,20266023,/home/jade_hand/research/shadowkv/results_vllm_qwen32b_no_cache_apc_overlay_energy_5total_2026-07-01/full/rep_5/xsum/rag/vllm_apc_shadowkv_plus/benchmark_vllm_apc_shadowkv_plus_Qwen_Qwen2_5-32B-Instruct_public_dataset_xsum_rag.json,256,78.10072595839301,85.89978003874421,101.7053640098311,106.84343901230022,12.803728497530344,101876,102132,0,101876.0,32960.0,32960.0,32960.0,11796.783,9783.997001250405,46.08118359375,38.218738286134396,0.11579550630177862,nvml,,True,low_latency,255,1,1,1
5,/home/jade_hand/research/shadowkv/results_vllm_qwen32b_no_cache_apc_overlay_energy_5total_2026-07-01,full,xsum,rag,vllm_no_cache,20266024,/home/jade_hand/research/shadowkv/results_vllm_qwen32b_no_cache_apc_overlay_energy_5total_2026-07-01/full/rep_5/xsum/rag/vllm_no_cache/benchmark_vllm_no_cache_Qwen_Qwen2_5-32B-Instruct_public_dataset_xsum_rag.json,256,103.31772483004897,109.05149392783642,112.96872020466253,133.61756809754297,9.678706372849666,107596,107852,0,0.0,0.0,0.0,0.0,15861.114,13330.073813166717,61.9574765625,52.07060083268249,0.1474136027361612,nvml,,False,balanced,0,0,0,0
5,/home/jade_hand/research/shadowkv/results_vllm_qwen32b_no_cache_apc_overlay_energy_5total_2026-07-01,full,xsum,templated,vllm_apc,20265802,/home/jade_hand/research/shadowkv/results_vllm_qwen32b_no_cache_apc_overlay_energy_5total_2026-07-01/full/rep_5/xsum/templated/vllm_apc/benchmark_vllm_apc_Qwen_Qwen2_5-32B-Instruct_public_dataset_xsum_templated.json,256,79.38674013348646,85.52585111465305,104.39058655174449,107.51677796943113,12.596288001034479,100419,100675,0,100419.0,29120.0,29120.0,29120.0,11945.498,9988.829835737319,46.6621015625,39.0188665458489,0.11895655204692339,nvml,,False,balanced,0,0,0,0
5,/home/jade_hand/research/shadowkv/results_vllm_qwen32b_no_cache_apc_overlay_energy_5total_2026-07-01,full,xsum,templated,vllm_apc_shadowkv_plus,20265804,/home/jade_hand/research/shadowkv/results_vllm_qwen32b_no_cache_apc_overlay_energy_5total_2026-07-01/full/rep_5/xsum/templated/vllm_apc_shadowkv_plus/benchmark_vllm_apc_shadowkv_plus_Qwen_Qwen2_5-32B-Instruct_public_dataset_xsum_templated.json,256,79.34684935025871,86.08188410289586,93.72631000587717,109.12033976055679,12.60262944321271,100176,100432,0,100176.0,29552.0,29552.0,29552.0,11975.84,9949.22389949194,46.780625,38.864155857390394,0.11954799552787095,nvml,,True,low_latency,255,1,1,1
5,/home/jade_hand/research/shadowkv/results_vllm_qwen32b_no_cache_apc_overlay_energy_5total_2026-07-01,full,xsum,templated,vllm_no_cache,20265803,/home/jade_hand/research/shadowkv/results_vllm_qwen32b_no_cache_apc_overlay_energy_5total_2026-07-01/full/rep_5/xsum/templated/vllm_no_cache/benchmark_vllm_no_cache_Qwen_Qwen2_5-32B-Instruct_public_dataset_xsum_templated.json,256,100.80442534854228,108.56382152996957,111.70948925428092,132.05414544790983,9.920015018875631,102343,102599,0,0.0,0.0,0.0,0.0,15406.074,12864.972190589842,60.1799765625,50.25379761949157,0.15053373459836042,nvml,,False,balanced,0,0,0,0
