model,dataset,mode,runtime,requests,prompt_tokens,cache_evidence_tokens,mean_latency_ms,p95_latency_ms,throughput_rps,gpu_energy_j,idle_adjusted_gpu_energy_j,gpu_joules_per_request,energy_source,energy_error,reuse_failures,idle_stable,source_file
google/gemma-4-12B-it,ag_news,rag,lmcache_vllm,256,43476,0.0,25.142314072809313,26.64470751187764,39.772136586448845,3765.739,3226.309648712997,14.70991796875,nvml,,0,True,results_full/gemma4_12b/ag_news/rag/lmcache_vllm/benchmark_lmcache_google_gemma-4-12B-it_public_dataset_ag_news_rag.json
google/gemma-4-12B-it,ag_news,rag,sglang_radix_attention,256,46804,30393,40.321459311371655,41.438031519646756,24.800053547488282,4749.476,3905.801402861333,18.552640625,nvml,,0,True,results_full/gemma4_12b/ag_news/rag/sglang_radix_attention/benchmark_sglang_radix_attention_google_gemma-4-12B-it_public_dataset_ag_news_rag.json
google/gemma-4-12B-it,ag_news,rag,vllm_apc,256,43476,17472.0,21.522365360851836,24.05897551216185,46.461522598623894,2923.11,2459.0717877252455,11.4183984375,nvml,,0,True,results_full/gemma4_12b/ag_news/rag/vllm_apc/benchmark_vllm_apc_google_gemma-4-12B-it_public_dataset_ag_news_rag.json
google/gemma-4-12B-it,ag_news,templated,lmcache_vllm,256,40916,0.0,24.956110866241943,25.81099048256874,40.06902471119487,3732.858,3219.084046264256,14.5814765625,nvml,,0,True,results_full/gemma4_12b/ag_news/templated/lmcache_vllm/benchmark_lmcache_google_gemma-4-12B-it_public_dataset_ag_news_templated.json
google/gemma-4-12B-it,ag_news,templated,sglang_radix_attention,256,44244,27843,40.314223457244225,41.430836005019955,24.804383285844374,4747.284,3893.745444759373,18.544078125,nvml,,0,True,results_full/gemma4_12b/ag_news/templated/sglang_radix_attention/benchmark_sglang_radix_attention_google_gemma-4-12B-it_public_dataset_ag_news_templated.json
google/gemma-4-12B-it,ag_news,templated,vllm_apc,256,40916,17408.0,21.352328519014918,24.131320489686914,46.83150331733409,2897.99,2454.778351081378,11.3202734375,nvml,,0,True,results_full/gemma4_12b/ag_news/templated/vllm_apc/benchmark_vllm_apc_google_gemma-4-12B-it_public_dataset_ag_news_templated.json
google/gemma-4-12B-it,daily_dialog,rag,lmcache_vllm,256,53705,256.0,26.86944085940013,33.84332875430118,37.21576033105217,4010.62,3432.1627074394974,15.666484375,nvml,,0,True,results_full/gemma4_12b/daily_dialog/rag/lmcache_vllm/benchmark_lmcache_google_gemma-4-12B-it_public_dataset_daily_dialog_rag.json
google/gemma-4-12B-it,daily_dialog,rag,sglang_radix_attention,256,57033,37462,41.49701216442736,45.39246750937309,24.097515816396,4858.73,3980.1333785250076,18.9794140625,nvml,,0,True,results_full/gemma4_12b/daily_dialog/rag/sglang_radix_attention/benchmark_sglang_radix_attention_google_gemma-4-12B-it_public_dataset_daily_dialog_rag.json
google/gemma-4-12B-it,daily_dialog,rag,vllm_apc,256,53705,33472.0,21.563678066513603,24.778348233667202,46.37254255623281,2747.175,2271.477636884145,10.73115234375,nvml,,0,True,results_full/gemma4_12b/daily_dialog/rag/vllm_apc/benchmark_vllm_apc_google_gemma-4-12B-it_public_dataset_daily_dialog_rag.json
google/gemma-4-12B-it,daily_dialog,templated,lmcache_vllm,256,50377,256.0,26.5158964409693,32.9890729917679,37.71193472562048,3925.03,3348.418121779854,15.3321484375,nvml,,0,True,results_full/gemma4_12b/daily_dialog/templated/lmcache_vllm/benchmark_lmcache_google_gemma-4-12B-it_public_dataset_daily_dialog_templated.json
google/gemma-4-12B-it,daily_dialog,templated,sglang_radix_attention,256,53705,34147,41.494849446053195,45.35308050981257,24.098743120078858,4837.31,3944.036032944619,18.8957421875,nvml,,0,True,results_full/gemma4_12b/daily_dialog/templated/sglang_radix_attention/benchmark_sglang_radix_attention_google_gemma-4-12B-it_public_dataset_daily_dialog_templated.json
google/gemma-4-12B-it,daily_dialog,templated,vllm_apc,256,50377,33216.0,21.367103743386906,25.08194648544304,46.799102507072256,2614.06,2173.851718918303,10.211171875,nvml,,0,True,results_full/gemma4_12b/daily_dialog/templated/vllm_apc/benchmark_vllm_apc_google_gemma-4-12B-it_public_dataset_daily_dialog_templated.json
google/gemma-4-12B-it,dolly,rag,lmcache_vllm,256,49032,768.0,27.490567679024025,35.40628802147694,36.37493988136047,4049.951,3474.0035792014824,15.82012109375,nvml,,0,True,results_full/gemma4_12b/dolly/rag/lmcache_vllm/benchmark_lmcache_google_gemma-4-12B-it_public_dataset_dolly_rag.json
google/gemma-4-12B-it,dolly,rag,sglang_radix_attention,256,52360,33159,41.62114236532943,47.147669742116705,24.025601418864373,4894.573,4019.7996929126866,19.11942578125,nvml,,0,True,results_full/gemma4_12b/dolly/rag/sglang_radix_attention/benchmark_sglang_radix_attention_google_gemma-4-12B-it_public_dataset_dolly_rag.json
google/gemma-4-12B-it,dolly,rag,vllm_apc,256,49032,20224.0,22.8952278584984,31.14346123766154,43.67541088785657,3135.365,2635.4157617069313,12.24751953125,nvml,,0,True,results_full/gemma4_12b/dolly/rag/vllm_apc/benchmark_vllm_apc_google_gemma-4-12B-it_public_dataset_dolly_rag.json
google/gemma-4-12B-it,dolly,templated,lmcache_vllm,256,44936,768.0,25.981131359230858,34.767081975587644,38.488117010078184,3648.397,3077.5200612142717,14.25155078125,nvml,,0,True,results_full/gemma4_12b/dolly/templated/lmcache_vllm/benchmark_lmcache_google_gemma-4-12B-it_public_dataset_dolly_templated.json
google/gemma-4-12B-it,dolly,templated,sglang_radix_attention,256,48264,29079,41.17233424381084,46.61901447980199,24.287481133148233,4866.549,3984.2747881882588,19.00995703125,nvml,,0,True,results_full/gemma4_12b/dolly/templated/sglang_radix_attention/benchmark_sglang_radix_attention_google_gemma-4-12B-it_public_dataset_dolly_templated.json
google/gemma-4-12B-it,dolly,templated,vllm_apc,256,44936,17408.0,22.601481610763585,30.94205450906884,44.24326094259346,3010.105,2509.5212349262865,11.75822265625,nvml,,0,True,results_full/gemma4_12b/dolly/templated/vllm_apc/benchmark_vllm_apc_google_gemma-4-12B-it_public_dataset_dolly_templated.json
google/gemma-4-12B-it,samsum,rag,lmcache_vllm,256,68182,2048.0,30.461725733857747,43.29149375553243,32.82707867408081,4521.415,3847.141081422686,17.66177734375,nvml,,0,True,results_full/gemma4_12b/samsum/rag/lmcache_vllm/benchmark_lmcache_google_gemma-4-12B-it_public_dataset_samsum_rag.json
google/gemma-4-12B-it,samsum,rag,sglang_radix_attention,256,71510,37091,44.06920295014061,53.50712726067286,22.69093164506301,5495.991,4559.865931541533,21.46871484375,nvml,,0,True,results_full/gemma4_12b/samsum/rag/sglang_radix_attention/benchmark_sglang_radix_attention_google_gemma-4-12B-it_public_dataset_samsum_rag.json
google/gemma-4-12B-it,samsum,rag,vllm_apc,256,68182,34688.0,23.70527254129229,32.663251215126365,42.18324276737564,3275.855,2749.88019743326,12.79630859375,nvml,,0,True,results_full/gemma4_12b/samsum/rag/vllm_apc/benchmark_vllm_apc_google_gemma-4-12B-it_public_dataset_samsum_rag.json
google/gemma-4-12B-it,samsum,templated,lmcache_vllm,256,64854,1536.0,29.79038449257132,42.78237449761946,33.566872110165086,4464.929,3813.072034418094,17.44112890625,nvml,,0,True,results_full/gemma4_12b/samsum/templated/lmcache_vllm/benchmark_lmcache_google_gemma-4-12B-it_public_dataset_samsum_templated.json
google/gemma-4-12B-it,samsum,templated,sglang_radix_attention,256,68182,33776,43.99618288471174,52.83910648722667,22.72859391554353,5533.43,4587.645648729793,21.6149609375,nvml,,0,True,results_full/gemma4_12b/samsum/templated/sglang_radix_attention/benchmark_sglang_radix_attention_google_gemma-4-12B-it_public_dataset_samsum_templated.json
google/gemma-4-12B-it,samsum,templated,vllm_apc,256,64854,34368.0,23.392671027522738,32.33845726936124,42.74685239523903,3190.072,2677.6569788239585,12.46121875,nvml,,0,True,results_full/gemma4_12b/samsum/templated/vllm_apc/benchmark_vllm_apc_google_gemma-4-12B-it_public_dataset_samsum_templated.json
google/gemma-4-12B-it,xsum,rag,lmcache_vllm,256,105097,3840.0,40.42103235724426,46.16140775033273,24.738910840229803,6094.421,5221.449081170403,23.80633203125,nvml,,0,True,results_full/gemma4_12b/xsum/rag/lmcache_vllm/benchmark_lmcache_google_gemma-4-12B-it_public_dataset_xsum_rag.json
google/gemma-4-12B-it,xsum,rag,sglang_radix_attention,256,108425,33116,52.54851046015574,62.78835101693403,19.029590017563205,7290.136,6119.843674581609,28.47709375,nvml,,0,True,results_full/gemma4_12b/xsum/rag/sglang_radix_attention/benchmark_sglang_radix_attention_google_gemma-4-12B-it_public_dataset_xsum_rag.json
google/gemma-4-12B-it,xsum,rag,vllm_apc,256,105097,22784.0,35.305164220972074,43.685527009074576,28.323651792507047,5334.563,4545.470871948086,20.83813671875,nvml,,0,True,results_full/gemma4_12b/xsum/rag/vllm_apc/benchmark_vllm_apc_google_gemma-4-12B-it_public_dataset_xsum_rag.json
google/gemma-4-12B-it,xsum,templated,lmcache_vllm,256,101769,3840.0,39.65933990548365,45.6195049919188,25.214090863347277,5993.299,5130.824316956573,23.41132421875,nvml,,0,True,results_full/gemma4_12b/xsum/templated/lmcache_vllm/benchmark_lmcache_google_gemma-4-12B-it_public_dataset_xsum_templated.json
google/gemma-4-12B-it,xsum,templated,sglang_radix_attention,256,105097,29801,51.9344958045167,62.06723049399443,19.254511230581866,7251.153,6126.956408949582,28.32481640625,nvml,,0,True,results_full/gemma4_12b/xsum/templated/sglang_radix_attention/benchmark_sglang_radix_attention_google_gemma-4-12B-it_public_dataset_xsum_templated.json
google/gemma-4-12B-it,xsum,templated,vllm_apc,256,101769,21440.0,34.53347845788812,43.35342251579277,28.956576727968077,5218.759,4484.467034462601,20.38577734375,nvml,,0,True,results_full/gemma4_12b/xsum/templated/vllm_apc/benchmark_vllm_apc_google_gemma-4-12B-it_public_dataset_xsum_templated.json
google/gemma-4-26B-A4B-it,ag_news,rag,lmcache_vllm,256,43476,0.0,30.473046428369344,32.11535923765041,32.81491843628572,3698.128,3040.5980956050366,14.4458125,nvml,,0,True,results_full/gemma4_26b_a4b/ag_news/rag/lmcache_vllm/benchmark_lmcache_google_gemma-4-26B-A4B-it_public_dataset_ag_news_rag.json
google/gemma-4-26B-A4B-it,ag_news,rag,sglang_radix_attention,256,46804,30393,39.385640471664374,42.24642000917811,25.389269706264162,3447.473,2619.9341262086527,13.46669140625,nvml,,0,True,results_full/gemma4_26b_a4b/ag_news/rag/sglang_radix_attention/benchmark_sglang_radix_attention_google_gemma-4-26B-A4B-it_public_dataset_ag_news_rag.json
google/gemma-4-26B-A4B-it,ag_news,rag,vllm_apc,256,43476,25312.0,25.687632527478854,28.362117751385085,38.927475937053295,2663.387,2106.038732795906,10.40385546875,nvml,,0,True,results_full/gemma4_26b_a4b/ag_news/rag/vllm_apc/benchmark_vllm_apc_google_gemma-4-26B-A4B-it_public_dataset_ag_news_rag.json
google/gemma-4-26B-A4B-it,ag_news,templated,lmcache_vllm,256,40916,0.0,30.457433434094128,32.251809287117794,32.83176797168819,3669.921,2998.6435803472386,14.33562890625,nvml,,0,True,results_full/gemma4_26b_a4b/ag_news/templated/lmcache_vllm/benchmark_lmcache_google_gemma-4-26B-A4B-it_public_dataset_ag_news_templated.json
google/gemma-4-26B-A4B-it,ag_news,templated,sglang_radix_attention,256,44244,27843,39.46501793734569,42.950516755809076,25.338187348946676,3456.005,2624.0856383378696,13.50001953125,nvml,,0,True,results_full/gemma4_26b_a4b/ag_news/templated/sglang_radix_attention/benchmark_sglang_radix_attention_google_gemma-4-26B-A4B-it_public_dataset_ag_news_templated.json
google/gemma-4-26B-A4B-it,ag_news,templated,vllm_apc,256,40916,25184.0,24.70536612804608,27.38707751268521,40.475190448175915,2524.652,2007.2572714541484,9.861921875,nvml,,0,True,results_full/gemma4_26b_a4b/ag_news/templated/vllm_apc/benchmark_vllm_apc_google_gemma-4-26B-A4B-it_public_dataset_ag_news_templated.json
google/gemma-4-26B-A4B-it,daily_dialog,rag,lmcache_vllm,256,53705,256.0,31.746373746955214,36.033194744959474,31.4986239604198,3853.529,3170.7660797242934,15.05284765625,nvml,,0,True,results_full/gemma4_26b_a4b/daily_dialog/rag/lmcache_vllm/benchmark_lmcache_google_gemma-4-26B-A4B-it_public_dataset_daily_dialog_rag.json
google/gemma-4-26B-A4B-it,daily_dialog,rag,sglang_radix_attention,256,57033,37462,39.90735722118188,53.269956464646384,25.05732138052857,3497.485,2644.028763203294,13.66205078125,nvml,,0,True,results_full/gemma4_26b_a4b/daily_dialog/rag/sglang_radix_attention/benchmark_sglang_radix_attention_google_gemma-4-26B-A4B-it_public_dataset_daily_dialog_rag.json
google/gemma-4-26B-A4B-it,daily_dialog,rag,vllm_apc,256,53705,33760.0,24.946565803929843,30.63460497651249,40.084076230928126,2609.168,2072.9042536284855,10.1920625,nvml,,0,True,results_full/gemma4_26b_a4b/daily_dialog/rag/vllm_apc/benchmark_vllm_apc_google_gemma-4-26B-A4B-it_public_dataset_daily_dialog_rag.json
google/gemma-4-26B-A4B-it,daily_dialog,templated,lmcache_vllm,256,50377,256.0,31.26499519726167,35.649765268317424,31.983640451848174,3721.756,3056.4500982483864,14.538109375,nvml,,0,True,results_full/gemma4_26b_a4b/daily_dialog/templated/lmcache_vllm/benchmark_lmcache_google_gemma-4-26B-A4B-it_public_dataset_daily_dialog_templated.json
google/gemma-4-26B-A4B-it,daily_dialog,templated,sglang_radix_attention,256,53705,34147,39.91123530886398,53.24643476342317,25.054851757509397,3473.562,2583.6743315192634,13.5686015625,nvml,,0,True,results_full/gemma4_26b_a4b/daily_dialog/templated/sglang_radix_attention/benchmark_sglang_radix_attention_google_gemma-4-26B-A4B-it_public_dataset_daily_dialog_templated.json
google/gemma-4-26B-A4B-it,daily_dialog,templated,vllm_apc,256,50377,33472.0,23.462144409450048,29.787601772113703,42.62006141604088,2368.051,1866.1216482593304,9.25019921875,nvml,,0,True,results_full/gemma4_26b_a4b/daily_dialog/templated/vllm_apc/benchmark_vllm_apc_google_gemma-4-26B-A4B-it_public_dataset_daily_dialog_templated.json
google/gemma-4-26B-A4B-it,dolly,rag,lmcache_vllm,256,49032,768.0,30.950351795354436,37.221719772787765,32.308799240097265,3708.695,3022.5975452371035,14.48708984375,nvml,,0,True,results_full/gemma4_26b_a4b/dolly/rag/lmcache_vllm/benchmark_lmcache_google_gemma-4-26B-A4B-it_public_dataset_dolly_rag.json
google/gemma-4-26B-A4B-it,dolly,rag,sglang_radix_attention,256,52360,33159,40.22186517954651,56.88050050230231,24.861457406593818,3470.363,2601.674219736468,13.55610546875,nvml,,0,True,results_full/gemma4_26b_a4b/dolly/rag/sglang_radix_attention/benchmark_sglang_radix_attention_google_gemma-4-26B-A4B-it_public_dataset_dolly_rag.json
google/gemma-4-26B-A4B-it,dolly,rag,vllm_apc,256,49032,26848.0,24.76455898590757,32.91195599013008,40.378485659431604,2647.714,2114.4250067839057,10.3426328125,nvml,,0,True,results_full/gemma4_26b_a4b/dolly/rag/vllm_apc/benchmark_vllm_apc_google_gemma-4-26B-A4B-it_public_dataset_dolly_rag.json
google/gemma-4-26B-A4B-it,dolly,templated,lmcache_vllm,256,44936,768.0,30.84754617566432,36.564445748808794,32.416427070703485,3527.264,2849.8798572243977,13.778375,nvml,,0,True,results_full/gemma4_26b_a4b/dolly/templated/lmcache_vllm/benchmark_lmcache_google_gemma-4-26B-A4B-it_public_dataset_dolly_templated.json
google/gemma-4-26B-A4B-it,dolly,templated,sglang_radix_attention,256,48264,29079,39.91451642446009,56.928575490019284,25.05283763343581,3458.188,2590.0646783731086,13.508546875,nvml,,0,True,results_full/gemma4_26b_a4b/dolly/templated/sglang_radix_attention/benchmark_sglang_radix_attention_google_gemma-4-26B-A4B-it_public_dataset_dolly_templated.json
google/gemma-4-26B-A4B-it,dolly,templated,vllm_apc,256,44936,25440.0,24.3286691782032,32.60560474882368,41.1020080359952,2524.41,2027.8172763838024,9.8609765625,nvml,,0,True,results_full/gemma4_26b_a4b/dolly/templated/vllm_apc/benchmark_vllm_apc_google_gemma-4-26B-A4B-it_public_dataset_dolly_templated.json
google/gemma-4-26B-A4B-it,samsum,rag,lmcache_vllm,256,68182,2048.0,33.793577264304986,38.83310373930726,29.59050024447024,4127.823,3438.961931995581,16.12430859375,nvml,,0,True,results_full/gemma4_26b_a4b/samsum/rag/lmcache_vllm/benchmark_lmcache_google_gemma-4-26B-A4B-it_public_dataset_samsum_rag.json
google/gemma-4-26B-A4B-it,samsum,rag,sglang_radix_attention,256,71510,37091,45.02659161630618,57.90465249447152,22.208476472729746,4248.247,3279.0138769681707,16.59471484375,nvml,,0,True,results_full/gemma4_26b_a4b/samsum/rag/sglang_radix_attention/benchmark_sglang_radix_attention_google_gemma-4-26B-A4B-it_public_dataset_samsum_rag.json
google/gemma-4-26B-A4B-it,samsum,rag,vllm_apc,256,68182,34976.0,27.281371755407235,34.35352376254741,36.65354384080042,3057.296,2470.22761941945,11.9425625,nvml,,0,True,results_full/gemma4_26b_a4b/samsum/rag/vllm_apc/benchmark_vllm_apc_google_gemma-4-26B-A4B-it_public_dataset_samsum_rag.json
google/gemma-4-26B-A4B-it,samsum,templated,lmcache_vllm,256,64854,1536.0,32.907159303476874,38.95672576618381,30.38755386683982,4059.915,3346.6920784164913,15.85904296875,nvml,,0,True,results_full/gemma4_26b_a4b/samsum/templated/lmcache_vllm/benchmark_lmcache_google_gemma-4-26B-A4B-it_public_dataset_samsum_templated.json
google/gemma-4-26B-A4B-it,samsum,templated,sglang_radix_attention,256,68182,33776,45.00719021802979,57.53955524414778,22.218011804840113,4189.378,3201.1981732185363,16.3647578125,nvml,,0,True,results_full/gemma4_26b_a4b/samsum/templated/sglang_radix_attention/benchmark_sglang_radix_attention_google_gemma-4-26B-A4B-it_public_dataset_samsum_templated.json
google/gemma-4-26B-A4B-it,samsum,templated,vllm_apc,256,64854,34656.0,25.787800126636284,33.90030002628919,38.776533755106904,2829.51,2299.379014306639,11.0527734375,nvml,,0,True,results_full/gemma4_26b_a4b/samsum/templated/vllm_apc/benchmark_vllm_apc_google_gemma-4-26B-A4B-it_public_dataset_samsum_templated.json
google/gemma-4-26B-A4B-it,xsum,rag,lmcache_vllm,256,105097,3840.0,38.474986107303266,42.354990233434364,25.99005303713652,5005.884,4171.125463136937,19.554234375,nvml,,0,True,results_full/gemma4_26b_a4b/xsum/rag/lmcache_vllm/benchmark_lmcache_google_gemma-4-26B-A4B-it_public_dataset_xsum_rag.json
google/gemma-4-26B-A4B-it,xsum,rag,sglang_radix_attention,256,108425,33116,57.0471958503731,61.94783175305929,17.52895026665095,5926.666,4710.187073476869,23.1510390625,nvml,,0,True,results_full/gemma4_26b_a4b/xsum/rag/sglang_radix_attention/benchmark_sglang_radix_attention_google_gemma-4-26B-A4B-it_public_dataset_xsum_rag.json
google/gemma-4-26B-A4B-it,xsum,rag,vllm_apc,256,105097,30144.0,34.22811585664931,38.09331374941394,29.214786408476936,4234.7,3493.1195889673463,16.541796875,nvml,,0,True,results_full/gemma4_26b_a4b/xsum/rag/vllm_apc/benchmark_vllm_apc_google_gemma-4-26B-A4B-it_public_dataset_xsum_rag.json
google/gemma-4-26B-A4B-it,xsum,templated,lmcache_vllm,256,101769,3840.0,38.4088294765661,41.96239254088141,26.034914432914018,4931.108,4076.5202000083705,19.262140625,nvml,,0,True,results_full/gemma4_26b_a4b/xsum/templated/lmcache_vllm/benchmark_lmcache_google_gemma-4-26B-A4B-it_public_dataset_xsum_templated.json
google/gemma-4-26B-A4B-it,xsum,templated,sglang_radix_attention,256,105097,29801,56.81151897260861,61.96230476780329,17.60165653270401,5876.045,4601.5459831752,22.95330078125,nvml,,0,True,results_full/gemma4_26b_a4b/xsum/templated/sglang_radix_attention/benchmark_sglang_radix_attention_google_gemma-4-26B-A4B-it_public_dataset_xsum_templated.json
google/gemma-4-26B-A4B-it,xsum,templated,vllm_apc,256,101769,29344.0,34.00517726868202,37.964972740155645,29.406257901041077,4190.764,3463.246573161015,16.370171875,nvml,,0,True,results_full/gemma4_26b_a4b/xsum/templated/vllm_apc/benchmark_vllm_apc_google_gemma-4-26B-A4B-it_public_dataset_xsum_templated.json
google/gemma-4-31B-it,ag_news,rag,lmcache_vllm,256,43476,0.0,57.566588408917596,59.0035072673345,17.370847723640832,8835.61,7549.000220381828,34.5141015625,nvml,,0,True,results_full/gemma4_31b/ag_news/rag/lmcache_vllm/benchmark_lmcache_google_gemma-4-31B-it_public_dataset_ag_news_rag.json
google/gemma-4-31B-it,ag_news,rag,sglang_radix_attention,256,46804,30393,91.87716616270336,94.34186095313635,10.883933183455035,12048.465,9969.368825632706,47.06431640625,nvml,,0,True,results_full/gemma4_31b/ag_news/rag/sglang_radix_attention/benchmark_sglang_radix_attention_google_gemma-4-31B-it_public_dataset_ag_news_rag.json
google/gemma-4-31B-it,ag_news,rag,vllm_apc,256,43476,25312.0,48.29062094154324,50.852257510996424,20.70718362369642,6849.452,5767.413219782726,26.755671875,nvml,,0,True,results_full/gemma4_31b/ag_news/rag/vllm_apc/benchmark_vllm_apc_google_gemma-4-31B-it_public_dataset_ag_news_rag.json
google/gemma-4-31B-it,ag_news,templated,lmcache_vllm,256,40916,0.0,57.18391145865098,58.573153291945346,17.487062684600584,8723.466,7451.561995875576,34.0760390625,nvml,,0,True,results_full/gemma4_31b/ag_news/templated/lmcache_vllm/benchmark_lmcache_google_gemma-4-31B-it_public_dataset_ag_news_templated.json
google/gemma-4-31B-it,ag_news,templated,sglang_radix_attention,256,44244,27843,91.86292807271457,94.63598100410309,10.885596861381382,12068.981,10115.16344251852,47.14445703125,nvml,,0,True,results_full/gemma4_31b/ag_news/templated/sglang_radix_attention/benchmark_sglang_radix_attention_google_gemma-4-31B-it_public_dataset_ag_news_templated.json
google/gemma-4-31B-it,ag_news,templated,vllm_apc,256,40916,25184.0,47.68194439634499,50.49823451554403,20.97158783661943,6389.854,5359.213151203289,24.9603671875,nvml,,0,True,results_full/gemma4_31b/ag_news/templated/vllm_apc/benchmark_vllm_apc_google_gemma-4-31B-it_public_dataset_ag_news_templated.json
google/gemma-4-31B-it,daily_dialog,rag,lmcache_vllm,256,53705,256.0,62.633496318085236,85.89335475699045,15.965565973189038,9571.878,8253.495119901814,37.3901484375,nvml,,0,True,results_full/gemma4_31b/daily_dialog/rag/lmcache_vllm/benchmark_lmcache_google_gemma-4-31B-it_public_dataset_daily_dialog_rag.json
google/gemma-4-31B-it,daily_dialog,rag,sglang_radix_attention,256,57033,37462,93.96321681879272,102.62833200977184,10.642282263381274,12428.249,10307.46696665301,48.54784765625,nvml,,0,True,results_full/gemma4_31b/daily_dialog/rag/sglang_radix_attention/benchmark_sglang_radix_attention_google_gemma-4-31B-it_public_dataset_daily_dialog_rag.json
google/gemma-4-31B-it,daily_dialog,rag,vllm_apc,256,53705,33760.0,49.823710495729756,58.036844959133305,20.070024648335327,6848.783,5722.182323960097,26.75305859375,nvml,,0,True,results_full/gemma4_31b/daily_dialog/rag/vllm_apc/benchmark_vllm_apc_google_gemma-4-31B-it_public_dataset_daily_dialog_rag.json
google/gemma-4-31B-it,daily_dialog,templated,lmcache_vllm,256,50377,256.0,60.805240455920284,83.8461635139538,16.445588956910928,9288.388,7981.252790756393,36.282765625,nvml,,0,True,results_full/gemma4_31b/daily_dialog/templated/lmcache_vllm/benchmark_lmcache_google_gemma-4-31B-it_public_dataset_daily_dialog_templated.json
google/gemma-4-31B-it,daily_dialog,templated,sglang_radix_attention,256,53705,34147,94.37177441441236,103.18247148825321,10.596210832997329,12304.929,10262.408602830415,48.06612890625,nvml,,0,True,results_full/gemma4_31b/daily_dialog/templated/sglang_radix_attention/benchmark_sglang_radix_attention_google_gemma-4-31B-it_public_dataset_daily_dialog_templated.json
google/gemma-4-31B-it,daily_dialog,templated,vllm_apc,256,50377,33472.0,49.1479155612069,57.97656274808105,20.345978571646953,6540.176,5472.351818604019,25.5475625,nvml,,0,True,results_full/gemma4_31b/daily_dialog/templated/vllm_apc/benchmark_vllm_apc_google_gemma-4-31B-it_public_dataset_daily_dialog_templated.json
google/gemma-4-31B-it,dolly,rag,lmcache_vllm,256,49032,768.0,63.942840894469555,88.86445350071881,15.638579663901645,9807.82,8399.558634752291,38.311796875,nvml,,0,True,results_full/gemma4_31b/dolly/rag/lmcache_vllm/benchmark_lmcache_google_gemma-4-31B-it_public_dataset_dolly_rag.json
google/gemma-4-31B-it,dolly,rag,sglang_radix_attention,256,52360,33159,94.63553770319777,105.8876299939584,10.566679044853828,12749.242,10628.190625083695,49.8017265625,nvml,,0,True,results_full/gemma4_31b/dolly/rag/sglang_radix_attention/benchmark_sglang_radix_attention_google_gemma-4-31B-it_public_dataset_dolly_rag.json
google/gemma-4-31B-it,dolly,rag,vllm_apc,256,49032,26848.0,50.61643287649531,61.47265173785854,19.75580841651304,6942.645,5800.563886149118,27.11970703125,nvml,,0,True,results_full/gemma4_31b/dolly/rag/vllm_apc/benchmark_vllm_apc_google_gemma-4-31B-it_public_dataset_dolly_rag.json
google/gemma-4-31B-it,dolly,templated,lmcache_vllm,256,44936,768.0,58.72652714924698,86.85881375276949,17.027699755383054,8939.107,7626.835889133104,34.91838671875,nvml,,0,True,results_full/gemma4_31b/dolly/templated/lmcache_vllm/benchmark_lmcache_google_gemma-4-31B-it_public_dataset_dolly_templated.json
google/gemma-4-31B-it,dolly,templated,sglang_radix_attention,256,48264,29079,94.02798482824437,104.85475801397115,10.634949136160923,12685.036,10583.228463817657,49.550921875,nvml,,0,True,results_full/gemma4_31b/dolly/templated/sglang_radix_attention/benchmark_sglang_radix_attention_google_gemma-4-31B-it_public_dataset_dolly_templated.json
google/gemma-4-31B-it,dolly,templated,vllm_apc,256,44936,25440.0,50.33388820925211,61.238094480358995,19.86670807821939,6984.108,5845.018567899878,27.281671875,nvml,,0,True,results_full/gemma4_31b/dolly/templated/vllm_apc/benchmark_vllm_apc_google_gemma-4-31B-it_public_dataset_dolly_templated.json
google/gemma-4-31B-it,samsum,rag,lmcache_vllm,256,68182,2048.0,73.2742729403526,110.61869001423474,13.647107045633467,11194.176,9568.73882136203,43.72725,nvml,,0,True,results_full/gemma4_31b/samsum/rag/lmcache_vllm/benchmark_lmcache_google_gemma-4-31B-it_public_dataset_samsum_rag.json
google/gemma-4-31B-it,samsum,rag,sglang_radix_attention,256,71510,37085,100.63136404642137,127.24401101877447,9.937093544894866,14226.971,11966.426405695365,55.57410546875,nvml,,0,True,results_full/gemma4_31b/samsum/rag/sglang_radix_attention/benchmark_sglang_radix_attention_google_gemma-4-31B-it_public_dataset_samsum_rag.json
google/gemma-4-31B-it,samsum,rag,vllm_apc,256,68182,34976.0,56.100806185213514,85.25510973413475,17.82443339056608,8183.633,6994.276233066328,31.96731640625,nvml,,0,True,results_full/gemma4_31b/samsum/rag/vllm_apc/benchmark_vllm_apc_google_gemma-4-31B-it_public_dataset_samsum_rag.json
google/gemma-4-31B-it,samsum,templated,lmcache_vllm,256,64854,1536.0,71.55626045755525,109.54454900638666,13.974711143616027,10944.8,9396.141010241758,42.753125,nvml,,0,True,results_full/gemma4_31b/samsum/templated/lmcache_vllm/benchmark_lmcache_google_gemma-4-31B-it_public_dataset_samsum_templated.json
google/gemma-4-31B-it,samsum,templated,sglang_radix_attention,256,68182,33770,100.45167768521424,126.74553075339645,9.95487587367456,14136.155,11925.764697153329,55.21935546875,nvml,,0,True,results_full/gemma4_31b/samsum/templated/sglang_radix_attention/benchmark_sglang_radix_attention_google_gemma-4-31B-it_public_dataset_samsum_templated.json
google/gemma-4-31B-it,samsum,templated,vllm_apc,256,64854,34656.0,55.07159152125496,84.21130871283822,18.157515509286966,7945.026,6773.439802606612,31.0352578125,nvml,,0,True,results_full/gemma4_31b/samsum/templated/vllm_apc/benchmark_vllm_apc_google_gemma-4-31B-it_public_dataset_samsum_templated.json
google/gemma-4-31B-it,xsum,rag,lmcache_vllm,256,105097,3840.0,101.95882232301301,118.13613800040912,9.807680855856098,15511.941,13330.396591062208,60.59351953125,nvml,,0,True,results_full/gemma4_31b/xsum/rag/lmcache_vllm/benchmark_lmcache_google_gemma-4-31B-it_public_dataset_xsum_rag.json
google/gemma-4-31B-it,xsum,rag,sglang_radix_attention,256,108425,33087,124.89560783478737,153.03526149364188,8.006602655133685,18986.282,16099.511050194427,74.1651640625,nvml,,0,True,results_full/gemma4_31b/xsum/rag/sglang_radix_attention/benchmark_sglang_radix_attention_google_gemma-4-31B-it_public_dataset_xsum_rag.json
google/gemma-4-31B-it,xsum,rag,vllm_apc,256,105097,30080.0,83.71381838742309,110.66225724061951,11.945138625829667,12744.58,10912.738975691585,49.783515625,nvml,,0,True,results_full/gemma4_31b/xsum/rag/vllm_apc/benchmark_vllm_apc_google_gemma-4-31B-it_public_dataset_xsum_rag.json
google/gemma-4-31B-it,xsum,templated,lmcache_vllm,256,101769,3840.0,99.92229893714466,116.65306125360075,10.007557971639274,15268.242,13096.600905874275,59.6415703125,nvml,,0,True,results_full/gemma4_31b/xsum/templated/lmcache_vllm/benchmark_lmcache_google_gemma-4-31B-it_public_dataset_xsum_templated.json
google/gemma-4-31B-it,xsum,templated,sglang_radix_attention,256,105097,29772,123.54315105608293,151.3852027419489,8.094233906358463,18760.839,15941.753066278681,73.28452734375,nvml,,0,True,results_full/gemma4_31b/xsum/templated/sglang_radix_attention/benchmark_sglang_radix_attention_google_gemma-4-31B-it_public_dataset_xsum_templated.json
google/gemma-4-31B-it,xsum,templated,vllm_apc,256,101769,29344.0,81.20607908540478,109.55134050163906,12.31398944801947,12339.364,10620.367974114362,48.200640625,nvml,,0,True,results_full/gemma4_31b/xsum/templated/vllm_apc/benchmark_vllm_apc_google_gemma-4-31B-it_public_dataset_xsum_templated.json
google/gemma-4-E2B-it,ag_news,rag,lmcache_vllm,256,43476,0.0,9.337597264902797,10.259093745844439,107.08694105613742,928.359,719.9024458357102,3.62640234375,nvml,,0,True,results_full/gemma4_e2b/ag_news/rag/lmcache_vllm/benchmark_lmcache_google_gemma-4-E2B-it_public_dataset_ag_news_rag.json
google/gemma-4-E2B-it,ag_news,rag,sglang_radix_attention,256,45780,30393,19.97261407723272,21.61341451574117,50.06599955332478,1268.102,831.247532703405,4.9535234375,nvml,,0,True,results_full/gemma4_e2b/ag_news/rag/sglang_radix_attention/benchmark_sglang_radix_attention_google_gemma-4-E2B-it_public_dataset_ag_news_rag.json
google/gemma-4-E2B-it,ag_news,rag,vllm_apc,256,43476,25312.0,7.445570533491264,8.19065528048668,134.29650105369188,605.247,437.9232242600168,2.36424609375,nvml,,0,True,results_full/gemma4_e2b/ag_news/rag/vllm_apc/benchmark_vllm_apc_google_gemma-4-E2B-it_public_dataset_ag_news_rag.json
google/gemma-4-E2B-it,ag_news,templated,lmcache_vllm,256,40916,0.0,9.432252714987044,10.01356149208732,106.01195863028603,912.767,718.8292181588452,3.56549609375,nvml,,0,True,results_full/gemma4_e2b/ag_news/templated/lmcache_vllm/benchmark_lmcache_google_gemma-4-E2B-it_public_dataset_ag_news_templated.json
google/gemma-4-E2B-it,ag_news,templated,sglang_radix_attention,256,43220,27843,20.01182690719361,21.75027625344228,49.96831209723959,1262.1,827.7193621060705,4.930078125,nvml,,0,True,results_full/gemma4_e2b/ag_news/templated/sglang_radix_attention/benchmark_sglang_radix_attention_google_gemma-4-E2B-it_public_dataset_ag_news_templated.json
google/gemma-4-E2B-it,ag_news,templated,vllm_apc,256,40916,25184.0,7.496655435261346,8.296349755255505,133.38053406517477,603.428,437.76073455851053,2.357140625,nvml,,0,True,results_full/gemma4_e2b/ag_news/templated/vllm_apc/benchmark_vllm_apc_google_gemma-4-E2B-it_public_dataset_ag_news_templated.json
google/gemma-4-E2B-it,daily_dialog,rag,lmcache_vllm,256,53705,256.0,10.093124667491793,12.762194513925351,99.07156955441914,1038.504,816.7734198113349,4.05665625,nvml,,0,True,results_full/gemma4_e2b/daily_dialog/rag/lmcache_vllm/benchmark_lmcache_google_gemma-4-E2B-it_public_dataset_daily_dialog_rag.json
google/gemma-4-E2B-it,daily_dialog,rag,sglang_radix_attention,256,56009,37462,20.556778740910886,22.35554452636279,48.643669282487714,1342.554,893.4141442288129,5.2443515625,nvml,,0,True,results_full/gemma4_e2b/daily_dialog/rag/sglang_radix_attention/benchmark_sglang_radix_attention_google_gemma-4-E2B-it_public_dataset_daily_dialog_rag.json
google/gemma-4-E2B-it,daily_dialog,rag,vllm_apc,256,53705,33760.0,7.597741504469013,8.908070260076784,131.60687689446553,653.271,486.810547617937,2.55183984375,nvml,,0,True,results_full/gemma4_e2b/daily_dialog/rag/vllm_apc/benchmark_vllm_apc_google_gemma-4-E2B-it_public_dataset_daily_dialog_rag.json
google/gemma-4-E2B-it,daily_dialog,templated,lmcache_vllm,256,50377,256.0,10.079826421360849,12.682261003647,99.20112654671928,1016.234,788.8030960151059,3.9696640625,nvml,,0,True,results_full/gemma4_e2b/daily_dialog/templated/lmcache_vllm/benchmark_lmcache_google_gemma-4-E2B-it_public_dataset_daily_dialog_templated.json
google/gemma-4-E2B-it,daily_dialog,templated,sglang_radix_attention,256,52681,34147,20.585018627571117,22.20226802455727,48.57696906702967,1352.956,903.7681657614417,5.284984375,nvml,,0,True,results_full/gemma4_e2b/daily_dialog/templated/sglang_radix_attention/benchmark_sglang_radix_attention_google_gemma-4-E2B-it_public_dataset_daily_dialog_templated.json
google/gemma-4-E2B-it,daily_dialog,templated,vllm_apc,256,50377,33472.0,7.422910699915519,8.97740623622667,134.70676619757143,611.044,444.60056327395523,2.386890625,nvml,,0,True,results_full/gemma4_e2b/daily_dialog/templated/vllm_apc/benchmark_vllm_apc_google_gemma-4-E2B-it_public_dataset_daily_dialog_templated.json
google/gemma-4-E2B-it,dolly,rag,lmcache_vllm,256,49032,768.0,9.629378871068184,13.273558754008263,103.84242469623604,989.003,778.151552507574,3.86329296875,nvml,,0,True,results_full/gemma4_e2b/dolly/rag/lmcache_vllm/benchmark_lmcache_google_gemma-4-E2B-it_public_dataset_dolly_rag.json
google/gemma-4-E2B-it,dolly,rag,sglang_radix_attention,256,51336,33159,20.60236628972234,22.543699233210646,48.53600979674204,1342.496,923.9265161630544,5.244125,nvml,,0,True,results_full/gemma4_e2b/dolly/rag/sglang_radix_attention/benchmark_sglang_radix_attention_google_gemma-4-E2B-it_public_dataset_dolly_rag.json
google/gemma-4-E2B-it,dolly,rag,vllm_apc,256,49032,26848.0,7.757874875778725,10.707921741413884,128.89103162670116,662.105,491.9116727349666,2.58634765625,nvml,,0,True,results_full/gemma4_e2b/dolly/rag/vllm_apc/benchmark_vllm_apc_google_gemma-4-E2B-it_public_dataset_dolly_rag.json
google/gemma-4-E2B-it,dolly,templated,lmcache_vllm,256,44936,768.0,9.435495112484205,13.255355748697184,105.97611898826133,897.832,693.8682844278129,3.50715625,nvml,,0,True,results_full/gemma4_e2b/dolly/templated/lmcache_vllm/benchmark_lmcache_google_gemma-4-E2B-it_public_dataset_dolly_templated.json
google/gemma-4-E2B-it,dolly,templated,sglang_radix_attention,256,47240,29079,20.359685076982714,22.255006741033867,49.114427315238444,1326.772,915.4578882102095,5.182703125,nvml,,0,True,results_full/gemma4_e2b/dolly/templated/sglang_radix_attention/benchmark_sglang_radix_attention_google_gemma-4-E2B-it_public_dataset_dolly_templated.json
google/gemma-4-E2B-it,dolly,templated,vllm_apc,256,44936,25440.0,7.704991110585979,10.522782249609008,129.77472694712685,646.293,485.5813009831604,2.52458203125,nvml,,0,True,results_full/gemma4_e2b/dolly/templated/vllm_apc/benchmark_vllm_apc_google_gemma-4-E2B-it_public_dataset_dolly_templated.json
google/gemma-4-E2B-it,samsum,rag,lmcache_vllm,256,68182,2048.0,11.638758658591541,15.494461520574987,85.91442923506622,1215.443,961.9503024620093,4.74782421875,nvml,,0,True,results_full/gemma4_e2b/samsum/rag/lmcache_vllm/benchmark_lmcache_google_gemma-4-E2B-it_public_dataset_samsum_rag.json
google/gemma-4-E2B-it,samsum,rag,sglang_radix_attention,256,70486,37091,21.188274303312937,23.986454514670186,47.19406882167002,1495.344,1051.5449376073766,5.8411875,nvml,,0,True,results_full/gemma4_e2b/samsum/rag/sglang_radix_attention/benchmark_sglang_radix_attention_google_gemma-4-E2B-it_public_dataset_samsum_rag.json
google/gemma-4-E2B-it,samsum,rag,vllm_apc,256,68182,34976.0,8.488558919680145,11.640044234809466,117.79631617608335,789.909,603.6295891214073,3.08558203125,nvml,,0,True,results_full/gemma4_e2b/samsum/rag/vllm_apc/benchmark_vllm_apc_google_gemma-4-E2B-it_public_dataset_samsum_rag.json
google/gemma-4-E2B-it,samsum,templated,lmcache_vllm,256,64854,1536.0,11.343496911877082,15.256381506333128,88.15110670212917,1178.926,922.8394924348931,4.6051796875,nvml,,0,True,results_full/gemma4_e2b/samsum/templated/lmcache_vllm/benchmark_lmcache_google_gemma-4-E2B-it_public_dataset_samsum_templated.json
google/gemma-4-E2B-it,samsum,templated,sglang_radix_attention,256,67158,33776,21.36996238186839,24.356531270314008,46.79273542627649,1513.903,1047.842075850773,5.91368359375,nvml,,0,True,results_full/gemma4_e2b/samsum/templated/sglang_radix_attention/benchmark_sglang_radix_attention_google_gemma-4-E2B-it_public_dataset_samsum_templated.json
google/gemma-4-E2B-it,samsum,templated,vllm_apc,256,64854,34656.0,8.253173989942297,11.568403482669964,121.1571986808467,763.557,578.0219677347364,2.98264453125,nvml,,0,True,results_full/gemma4_e2b/samsum/templated/vllm_apc/benchmark_vllm_apc_google_gemma-4-E2B-it_public_dataset_samsum_templated.json
google/gemma-4-E2B-it,xsum,rag,lmcache_vllm,256,105097,3840.0,14.675594057962371,16.892861502128653,68.13681205704036,1630.35,1324.2214043405515,6.3685546875,nvml,,0,True,results_full/gemma4_e2b/xsum/rag/lmcache_vllm/benchmark_lmcache_google_gemma-4-E2B-it_public_dataset_xsum_rag.json
google/gemma-4-E2B-it,xsum,rag,sglang_radix_attention,256,107401,33116,23.831400934341218,26.66817622957751,41.95976237482811,1918.779,1409.682721615176,7.49523046875,nvml,,0,True,results_full/gemma4_e2b/xsum/rag/sglang_radix_attention/benchmark_sglang_radix_attention_google_gemma-4-E2B-it_public_dataset_xsum_rag.json
google/gemma-4-E2B-it,xsum,rag,vllm_apc,256,105097,30144.0,11.612167356815917,14.857781294267625,86.10796156040225,1257.321,1016.3985690562811,4.91141015625,nvml,,0,True,results_full/gemma4_e2b/xsum/rag/vllm_apc/benchmark_vllm_apc_google_gemma-4-E2B-it_public_dataset_xsum_rag.json
google/gemma-4-E2B-it,xsum,templated,lmcache_vllm,256,101769,3840.0,14.421957132981333,16.687800001818687,69.33532226394549,1606.964,1291.4256557797726,6.277203125,nvml,,0,True,results_full/gemma4_e2b/xsum/templated/lmcache_vllm/benchmark_lmcache_google_gemma-4-E2B-it_public_dataset_xsum_templated.json
google/gemma-4-E2B-it,xsum,templated,sglang_radix_attention,256,104073,29801,23.550328941837506,26.238651014864445,42.46070124094702,1890.946,1373.0421426924422,7.3865078125,nvml,,0,True,results_full/gemma4_e2b/xsum/templated/sglang_radix_attention/benchmark_sglang_radix_attention_google_gemma-4-E2B-it_public_dataset_xsum_templated.json
google/gemma-4-E2B-it,xsum,templated,vllm_apc,256,101769,29344.0,10.686000179930488,13.336644013179466,93.57445532743499,1176.495,946.4487012327075,4.59568359375,nvml,,0,True,results_full/gemma4_e2b/xsum/templated/vllm_apc/benchmark_vllm_apc_google_gemma-4-E2B-it_public_dataset_xsum_templated.json
google/gemma-4-E4B-it,ag_news,rag,lmcache_vllm,256,43476,0.0,12.86170016419419,13.896173986722715,77.74618978039575,1639.772,1378.856168467321,6.405359375,nvml,,0,True,results_full/gemma4_e4b/ag_news/rag/lmcache_vllm/benchmark_lmcache_google_gemma-4-E4B-it_public_dataset_ag_news_rag.json
google/gemma-4-E4B-it,ag_news,rag,sglang_radix_attention,256,45780,30393,25.086322497600122,27.51593971333932,39.86061564197362,2054.196,1505.8669873932995,8.024203125,nvml,,0,True,results_full/gemma4_e4b/ag_news/rag/sglang_radix_attention/benchmark_sglang_radix_attention_google_gemma-4-E4B-it_public_dataset_ag_news_rag.json
google/gemma-4-E4B-it,ag_news,rag,vllm_apc,256,43476,25312.0,10.947363359264273,11.594261028221808,91.34026881061378,1135.762,898.6545378150445,4.4365703125,nvml,,0,True,results_full/gemma4_e4b/ag_news/rag/vllm_apc/benchmark_vllm_apc_google_gemma-4-E4B-it_public_dataset_ag_news_rag.json
google/gemma-4-E4B-it,ag_news,templated,lmcache_vllm,256,40916,0.0,12.683945771641447,13.82087501406204,78.83528666211429,1617.848,1339.581796875589,6.31971875,nvml,,0,True,results_full/gemma4_e4b/ag_news/templated/lmcache_vllm/benchmark_lmcache_google_gemma-4-E4B-it_public_dataset_ag_news_templated.json
google/gemma-4-E4B-it,ag_news,templated,sglang_radix_attention,256,43220,27843,24.94761556818048,26.0650499840267,40.08260596712291,2068.218,1519.1216785045044,8.0789765625,nvml,,0,True,results_full/gemma4_e4b/ag_news/templated/sglang_radix_attention/benchmark_sglang_radix_attention_google_gemma-4-E4B-it_public_dataset_ag_news_templated.json
google/gemma-4-E4B-it,ag_news,templated,vllm_apc,256,40916,25184.0,10.858088884333483,11.934239490074106,92.09090964227993,1054.779,835.856292156413,4.12023046875,nvml,,0,True,results_full/gemma4_e4b/ag_news/templated/vllm_apc/benchmark_vllm_apc_google_gemma-4-E4B-it_public_dataset_ag_news_templated.json
google/gemma-4-E4B-it,daily_dialog,rag,lmcache_vllm,256,53705,256.0,14.139400479734832,17.82329751586076,70.72083214826145,1764.233,1459.476777168211,6.89153515625,nvml,,0,True,results_full/gemma4_e4b/daily_dialog/rag/lmcache_vllm/benchmark_lmcache_google_gemma-4-E4B-it_public_dataset_daily_dialog_rag.json
google/gemma-4-E4B-it,daily_dialog,rag,sglang_radix_attention,256,56009,37462,26.082281375693128,29.10573901317548,38.33875767425878,2143.769,1598.0297722403343,8.37409765625,nvml,,0,True,results_full/gemma4_e4b/daily_dialog/rag/sglang_radix_attention/benchmark_sglang_radix_attention_google_gemma-4-E4B-it_public_dataset_daily_dialog_rag.json
google/gemma-4-E4B-it,daily_dialog,rag,vllm_apc,256,53705,33760.0,11.005177163951885,12.40310276625678,90.86063021789569,1134.172,897.5419967301042,4.430359375,nvml,,0,True,results_full/gemma4_e4b/daily_dialog/rag/vllm_apc/benchmark_vllm_apc_google_gemma-4-E4B-it_public_dataset_daily_dialog_rag.json
google/gemma-4-E4B-it,daily_dialog,templated,lmcache_vllm,256,50377,256.0,13.728604536026978,17.835271486546844,72.83739904651702,1719.265,1413.1761500044922,6.71587890625,nvml,,0,True,results_full/gemma4_e4b/daily_dialog/templated/lmcache_vllm/benchmark_lmcache_google_gemma-4-E4B-it_public_dataset_daily_dialog_templated.json
google/gemma-4-E4B-it,daily_dialog,templated,sglang_radix_attention,256,52681,34147,26.003391281165023,28.817736718337983,38.45499978297134,2150.851,1594.9929423383383,8.40176171875,nvml,,0,True,results_full/gemma4_e4b/daily_dialog/templated/sglang_radix_attention/benchmark_sglang_radix_attention_google_gemma-4-E4B-it_public_dataset_daily_dialog_templated.json
google/gemma-4-E4B-it,daily_dialog,templated,vllm_apc,256,50377,33472.0,11.126863350909844,12.64157948025968,89.8674210055922,1117.373,866.8865980924065,4.36473828125,nvml,,0,True,results_full/gemma4_e4b/daily_dialog/templated/vllm_apc/benchmark_vllm_apc_google_gemma-4-E4B-it_public_dataset_daily_dialog_templated.json
google/gemma-4-E4B-it,dolly,rag,lmcache_vllm,256,49032,768.0,14.214008669796385,19.64360076817684,70.34976212569939,1792.034,1489.3968594611997,7.0001328125,nvml,,0,True,results_full/gemma4_e4b/dolly/rag/lmcache_vllm/benchmark_lmcache_google_gemma-4-E4B-it_public_dataset_dolly_rag.json
google/gemma-4-E4B-it,dolly,rag,sglang_radix_attention,256,51336,33159,25.997424530942226,29.98957499221433,38.46387962076373,2173.361,1610.998083374505,8.48969140625,nvml,,0,True,results_full/gemma4_e4b/dolly/rag/sglang_radix_attention/benchmark_sglang_radix_attention_google_gemma-4-E4B-it_public_dataset_dolly_rag.json
google/gemma-4-E4B-it,dolly,rag,vllm_apc,256,49032,26848.0,11.292099528873223,14.005052507854998,88.55191034337601,1181.53,935.4170901685942,4.6153515625,nvml,,0,True,results_full/gemma4_e4b/dolly/rag/vllm_apc/benchmark_vllm_apc_google_gemma-4-E4B-it_public_dataset_dolly_rag.json
google/gemma-4-E4B-it,dolly,templated,lmcache_vllm,256,44936,768.0,13.675395830659909,19.07243297318928,73.1200754972337,1610.343,1317.4670845961878,6.29040234375,nvml,,0,True,results_full/gemma4_e4b/dolly/templated/lmcache_vllm/benchmark_lmcache_google_gemma-4-E4B-it_public_dataset_dolly_templated.json
google/gemma-4-E4B-it,dolly,templated,sglang_radix_attention,256,47240,29079,25.23972130029506,29.08011652471032,39.618483021798205,2130.594,1582.3992085604011,8.3226328125,nvml,,0,True,results_full/gemma4_e4b/dolly/templated/sglang_radix_attention/benchmark_sglang_radix_attention_google_gemma-4-E4B-it_public_dataset_dolly_templated.json
google/gemma-4-E4B-it,dolly,templated,vllm_apc,256,44936,25440.0,11.12461324692049,13.679941010195762,89.88531693924644,1151.195,914.6796022533159,4.49685546875,nvml,,0,True,results_full/gemma4_e4b/dolly/templated/vllm_apc/benchmark_vllm_apc_google_gemma-4-E4B-it_public_dataset_dolly_templated.json
google/gemma-4-E4B-it,samsum,rag,lmcache_vllm,256,68182,2048.0,16.63761625081861,21.246735224849544,60.10132825675477,2049.635,1701.5010436996017,8.00638671875,nvml,,0,True,results_full/gemma4_e4b/samsum/rag/lmcache_vllm/benchmark_lmcache_google_gemma-4-E4B-it_public_dataset_samsum_rag.json
google/gemma-4-E4B-it,samsum,rag,sglang_radix_attention,256,70486,37091,27.30488903443984,32.47183251369279,36.62203693073676,2464.378,1893.2546741492579,9.6264765625,nvml,,0,True,results_full/gemma4_e4b/samsum/rag/sglang_radix_attention/benchmark_sglang_radix_attention_google_gemma-4-E4B-it_public_dataset_samsum_rag.json
google/gemma-4-E4B-it,samsum,rag,vllm_apc,256,68182,34976.0,12.008037576151764,15.521163993980736,83.27291027111788,1373.216,1112.9152030904154,5.364125,nvml,,0,True,results_full/gemma4_e4b/samsum/rag/vllm_apc/benchmark_vllm_apc_google_gemma-4-E4B-it_public_dataset_samsum_rag.json
google/gemma-4-E4B-it,samsum,templated,lmcache_vllm,256,64854,1536.0,15.584845317334839,21.121327255968936,64.16186947282849,1994.904,1661.158371238564,7.79259375,nvml,,0,True,results_full/gemma4_e4b/samsum/templated/lmcache_vllm/benchmark_lmcache_google_gemma-4-E4B-it_public_dataset_samsum_templated.json
google/gemma-4-E4B-it,samsum,templated,sglang_radix_attention,256,67158,33776,27.295644302739674,32.299603466526605,36.63437242083691,2453.323,1868.267830472168,9.58329296875,nvml,,0,True,results_full/gemma4_e4b/samsum/templated/sglang_radix_attention/benchmark_sglang_radix_attention_google_gemma-4-E4B-it_public_dataset_samsum_templated.json
google/gemma-4-E4B-it,samsum,templated,vllm_apc,256,64854,34656.0,11.999076959682498,15.49081550911069,83.3339664494813,1343.55,1088.3022132156193,5.2482421875,nvml,,0,True,results_full/gemma4_e4b/samsum/templated/vllm_apc/benchmark_vllm_apc_google_gemma-4-E4B-it_public_dataset_samsum_templated.json
google/gemma-4-E4B-it,xsum,rag,lmcache_vllm,256,105097,3840.0,20.57372011404368,23.327307237195782,48.60388820705453,2731.566,2279.8903188171234,10.6701796875,nvml,,0,True,results_full/gemma4_e4b/xsum/rag/lmcache_vllm/benchmark_lmcache_google_gemma-4-E4B-it_public_dataset_xsum_rag.json
google/gemma-4-E4B-it,xsum,rag,sglang_radix_attention,256,107401,33116,32.05034024381348,36.38987147132866,31.199730842822408,3255.034,2611.3281016688807,12.7149765625,nvml,,0,True,results_full/gemma4_e4b/xsum/rag/sglang_radix_attention/benchmark_sglang_radix_attention_google_gemma-4-E4B-it_public_dataset_xsum_rag.json
google/gemma-4-E4B-it,xsum,rag,vllm_apc,256,105097,30144.0,16.25762316507462,19.748585269553587,61.506319548400036,2119.548,1767.5763525741584,8.279484375,nvml,,0,True,results_full/gemma4_e4b/xsum/rag/vllm_apc/benchmark_vllm_apc_google_gemma-4-E4B-it_public_dataset_xsum_rag.json
google/gemma-4-E4B-it,xsum,templated,lmcache_vllm,256,101769,3840.0,20.166801797813605,23.184591496828943,49.58443108220044,2699.778,2258.3210263580313,10.5460078125,nvml,,0,True,results_full/gemma4_e4b/xsum/templated/lmcache_vllm/benchmark_lmcache_google_gemma-4-E4B-it_public_dataset_xsum_templated.json
google/gemma-4-E4B-it,xsum,templated,sglang_radix_attention,256,104073,29801,31.525833852128926,35.50277178874239,31.71900232580687,3237.796,2569.5297204971944,12.647640625,nvml,,0,True,results_full/gemma4_e4b/xsum/templated/sglang_radix_attention/benchmark_sglang_radix_attention_google_gemma-4-E4B-it_public_dataset_xsum_templated.json
google/gemma-4-E4B-it,xsum,templated,vllm_apc,256,101769,29344.0,15.766060745136201,19.42056103143841,63.42422616945037,2103.947,1765.3501321245658,8.21854296875,nvml,,0,True,results_full/gemma4_e4b/xsum/templated/vllm_apc/benchmark_vllm_apc_google_gemma-4-E4B-it_public_dataset_xsum_templated.json
