dataset,energy_reduction_vs_no_cache_pct,engine,engine_gpu_joules_per_request,engine_idle_adjusted_joules_per_request,engine_mean_latency_ms,engine_p95_latency_ms,fast_exact_path_hits,hit_rate,idle_adjusted_energy_reduction_vs_no_cache_pct,model,no_cache_gpu_joules_per_request,no_cache_idle_adjusted_joules_per_request,no_cache_mean_latency_ms,no_cache_p95_latency_ms,policy_exact_total,policy_semantic_partial_total,prompt_mode,reuse_successes,reused_prefix_tokens_total,seed,semantic_blocked_by_backend_total,semantic_opportunity_plans_total,semantic_partial_hits,semantic_partial_reused_tokens_total,semantic_quality_divergence_events,semantic_quality_divergence_sum,source_json,speedup_vs_no_cache_mean,speedup_vs_no_cache_p95,wasted_compute_ratio
ag_news,-5.0197998562572685,shadow_kv,10.4796796875,6.627218159136927,10.658364703246548,11.362980350077123,,0.0,-5.72567896810719,Qwen/Qwen2.5-1.5B-Instruct,9.978765625,6.268314589056523,10.815006140624916,11.499268700163157,,,semantic,0,0,42,,,,,,,results_blackwell_semantic_seven_models_longprefix_n128_20260713/Qwen_Qwen2_5-1_5B-Instruct/semantic/seed_42/ag_news/shadow_kv/benchmark_hf_Qwen_Qwen2.5-1.5B-Instruct_public_dataset_ag_news_semantic_cuda.json,1.0146965732304747,1.0119940672153946,0.0
ag_news,-4.372331247132582,shadow_kv_plus,10.4150703125,6.3269639152632235,13.283438429709804,13.965748650025487,127,0.9921875,-0.935647459511574,Qwen/Qwen2.5-1.5B-Instruct,9.978765625,6.268314589056523,10.815006140624916,11.499268700163157,127,0,semantic,127,16256,42,0,0,0,0,0,0.0,results_blackwell_semantic_seven_models_longprefix_n128_20260713/Qwen_Qwen2_5-1_5B-Instruct/semantic/seed_42/ag_news/shadow_kv_plus/benchmark_hf_Qwen_Qwen2.5-1.5B-Instruct_public_dataset_ag_news_semantic_cuda.json,0.814172188763718,0.8233907818570235,0.0
alpaca_eval,-0.36559358180156515,shadow_kv,10.5778984375,6.431200973902253,11.122285249996366,11.933820000422202,,0.0,0.016843709727983377,Qwen/Qwen2.5-1.5B-Instruct,10.5393671875,6.4322844092170195,11.217196648452443,12.01815994968456,,,semantic,0,0,42,,,,,,,results_blackwell_semantic_seven_models_longprefix_n128_20260713/Qwen_Qwen2_5-1_5B-Instruct/semantic/seed_42/alpaca_eval/shadow_kv/benchmark_hf_Qwen_Qwen2.5-1.5B-Instruct_public_dataset_alpaca_eval_semantic_cuda.json,1.0085334440110774,1.0070673052936423,0.0
alpaca_eval,1.3191612696148924,shadow_kv_plus,10.4003359375,6.141157994190704,13.069573929733735,14.02079710023827,127,0.9921875,4.52601900825703,Qwen/Qwen2.5-1.5B-Instruct,10.5393671875,6.4322844092170195,11.217196648452443,12.01815994968456,127,0,semantic,127,16256,42,0,0,0,0,0,0.0,results_blackwell_semantic_seven_models_longprefix_n128_20260713/Qwen_Qwen2_5-1_5B-Instruct/semantic/seed_42/alpaca_eval/shadow_kv_plus/benchmark_hf_Qwen_Qwen2.5-1.5B-Instruct_public_dataset_alpaca_eval_semantic_cuda.json,0.8582679671701409,0.8571666691817631,0.0
banking77,1.4949290968038795,shadow_kv,10.152125,6.029782468897207,11.052463351525432,11.806261399851792,,0.0,2.548553243014423,Qwen/Qwen2.5-1.5B-Instruct,10.3061953125,6.187473526107478,11.160080812445017,12.17533650005862,,,semantic,0,0,42,,,,,,,results_blackwell_semantic_seven_models_longprefix_n128_20260713/Qwen_Qwen2_5-1_5B-Instruct/semantic/seed_42/banking77/shadow_kv/benchmark_hf_Qwen_Qwen2.5-1.5B-Instruct_public_dataset_banking77_semantic_cuda.json,1.0097369660949593,1.0312609629506815,0.0
banking77,-0.24962230697101334,shadow_kv_plus,10.331921875,5.910989230407695,13.118486312542643,14.111380600525079,127,0.9921875,4.468452180573907,Qwen/Qwen2.5-1.5B-Instruct,10.3061953125,6.187473526107478,11.160080812445017,12.17533650005862,127,0,semantic,127,16256,42,0,0,0,0,0,0.0,results_blackwell_semantic_seven_models_longprefix_n128_20260713/Qwen_Qwen2_5-1_5B-Instruct/semantic/seed_42/banking77/shadow_kv_plus/benchmark_hf_Qwen_Qwen2.5-1.5B-Instruct_public_dataset_banking77_semantic_cuda.json,0.8507140646078057,0.8628026445268991,0.0
cnn_dailymail,-1.4662008199493373,shadow_kv,13.9466640625,9.498283073237163,15.15478236723311,15.98249680000663,,0.0,-2.7528585140868103,Qwen/Qwen2.5-1.5B-Instruct,13.7451328125,9.243813953784073,15.305602468728807,16.077313950245298,,,semantic,0,0,42,,,,,,,results_blackwell_semantic_seven_models_longprefix_n128_20260713/Qwen_Qwen2_5-1_5B-Instruct/semantic/seed_42/cnn_dailymail/shadow_kv/benchmark_hf_Qwen_Qwen2.5-1.5B-Instruct_public_dataset_cnn_dailymail_semantic_cuda.json,1.0099519806910453,1.005932561815913,0.0
cnn_dailymail,-2.851691252073889,shadow_kv_plus,14.1371015625,9.360093112359113,18.481940320221213,19.33557495040077,127,0.9921875,-1.2579132288511652,Qwen/Qwen2.5-1.5B-Instruct,13.7451328125,9.243813953784073,15.305602468728807,16.077313950245298,127,0,semantic,127,16256,42,0,0,0,0,0,0.0,results_blackwell_semantic_seven_models_longprefix_n128_20260713/Qwen_Qwen2_5-1_5B-Instruct/semantic/seed_42/cnn_dailymail/shadow_kv_plus/benchmark_hf_Qwen_Qwen2.5-1.5B-Instruct_public_dataset_cnn_dailymail_semantic_cuda.json,0.8281382908688892,0.831488796763815,0.0
daily_dialog,0.08323000962926527,shadow_kv,10.9357109375,6.616707976032745,11.809050796834697,14.573016200029087,,0.0,2.191904691589823,Qwen/Qwen2.5-1.5B-Instruct,10.9448203125,6.764990111676163,11.702952203137329,13.726378650108018,,,semantic,0,0,42,,,,,,,results_blackwell_semantic_seven_models_longprefix_n128_20260713/Qwen_Qwen2_5-1_5B-Instruct/semantic/seed_42/daily_dialog/shadow_kv/benchmark_hf_Qwen_Qwen2.5-1.5B-Instruct_public_dataset_daily_dialog_semantic_cuda.json,0.9910154850273143,0.9419037529156538,0.0
daily_dialog,2.9817186640084414,shadow_kv_plus,10.6184765625,6.142486799567707,13.791707507799345,15.224047450283251,127,0.9921875,9.201836245614524,Qwen/Qwen2.5-1.5B-Instruct,10.9448203125,6.764990111676163,11.702952203137329,13.726378650108018,127,0,semantic,127,16256,42,0,0,0,0,0,0.0,results_blackwell_semantic_seven_models_longprefix_n128_20260713/Qwen_Qwen2_5-1_5B-Instruct/semantic/seed_42/daily_dialog/shadow_kv_plus/benchmark_hf_Qwen_Qwen2.5-1.5B-Instruct_public_dataset_daily_dialog_semantic_cuda.json,0.8485499128022542,0.9016247942561839,0.0
dolly,-0.8976018749937551,shadow_kv,11.0449609375,6.788593125799541,11.982996843826754,14.692020149914242,,0.0,-2.89877975420315,Qwen/Qwen2.5-1.5B-Instruct,10.946703125,6.597350466172311,12.001556453128615,14.787110750103237,,,semantic,0,0,42,,,,,,,results_blackwell_semantic_seven_models_longprefix_n128_20260713/Qwen_Qwen2_5-1_5B-Instruct/semantic/seed_42/dolly/shadow_kv/benchmark_hf_Qwen_Qwen2.5-1.5B-Instruct_public_dataset_dolly_semantic_cuda.json,1.00154882868983,1.0064722617596975,0.0
dolly,1.6240620392269993,shadow_kv_plus,10.768921875,6.377778232593045,13.763000710980577,15.77044875020874,127,0.9921875,3.328188106803098,Qwen/Qwen2.5-1.5B-Instruct,10.946703125,6.597350466172311,12.001556453128615,14.787110750103237,127,0,semantic,127,16256,42,0,0,0,0,0,0.0,results_blackwell_semantic_seven_models_longprefix_n128_20260713/Qwen_Qwen2_5-1_5B-Instruct/semantic/seed_42/dolly/shadow_kv_plus/benchmark_hf_Qwen_Qwen2.5-1.5B-Instruct_public_dataset_dolly_semantic_cuda.json,0.8720159727633652,0.9376467965065047,0.0
oasst1,-1.3675921505989554,shadow_kv,11.2646875,5.81469744366552,12.122317015638373,14.788361350156265,,0.0,15.265819091320335,Qwen/Qwen2.5-1.5B-Instruct,11.1127109375,6.862280819038279,12.308857335924017,14.838488650138968,,,semantic,0,0,42,,,,,,,results_blackwell_semantic_seven_models_longprefix_n128_20260713/Qwen_Qwen2_5-1_5B-Instruct/semantic/seed_42/oasst1/shadow_kv/benchmark_hf_Qwen_Qwen2.5-1.5B-Instruct_public_dataset_oasst1_semantic_cuda.json,1.0153881737332062,1.0033896453295803,0.0
oasst1,1.6006445321974205,shadow_kv_plus,10.9348359375,6.532846201425463,14.022296804711232,16.33405480065448,127,0.9921875,4.800657773999183,Qwen/Qwen2.5-1.5B-Instruct,11.1127109375,6.862280819038279,12.308857335924017,14.838488650138968,127,0,semantic,127,16256,42,0,0,0,0,0,0.0,results_blackwell_semantic_seven_models_longprefix_n128_20260713/Qwen_Qwen2_5-1_5B-Instruct/semantic/seed_42/oasst1/shadow_kv_plus/benchmark_hf_Qwen_Qwen2.5-1.5B-Instruct_public_dataset_oasst1_semantic_cuda.json,0.877806076090792,0.9084387698726474,0.0
samsum,-0.5554516410386198,shadow_kv,11.4659375,6.850938257823877,12.731660195200334,15.061481800285037,,0.0,0.6098768423231762,Qwen/Qwen2.5-1.5B-Instruct,11.4026015625,6.892976927853535,12.769918093674448,15.043453049838718,,,semantic,0,0,42,,,,,,,results_blackwell_semantic_seven_models_longprefix_n128_20260713/Qwen_Qwen2_5-1_5B-Instruct/semantic/seed_42/samsum/shadow_kv/benchmark_hf_Qwen_Qwen2.5-1.5B-Instruct_public_dataset_samsum_semantic_cuda.json,1.0030049418447828,0.9988029895938939,0.0
samsum,0.8021743941383893,shadow_kv_plus,11.3111328125,6.575672284237582,14.471579609448781,17.592196200394028,127,0.9921875,4.603303433872972,Qwen/Qwen2.5-1.5B-Instruct,11.4026015625,6.892976927853535,12.769918093674448,15.043453049838718,127,0,semantic,127,16256,42,0,0,0,0,0,0.0,results_blackwell_semantic_seven_models_longprefix_n128_20260713/Qwen_Qwen2_5-1_5B-Instruct/semantic/seed_42/samsum/shadow_kv_plus/benchmark_hf_Qwen_Qwen2.5-1.5B-Instruct_public_dataset_samsum_semantic_cuda.json,0.8824135608069154,0.8551208091632002,0.0
ultrachat,-2.523864990265123,shadow_kv,13.2303203125,8.79291261253844,14.399769695245368,15.067748000001302,,0.0,-7.604824444449409,Qwen/Qwen2.5-1.5B-Instruct,12.904625,8.171485486766208,14.585580804642007,15.241753249983958,,,semantic,0,0,42,,,,,,,results_blackwell_semantic_seven_models_longprefix_n128_20260713/Qwen_Qwen2_5-1_5B-Instruct/semantic/seed_42/ultrachat/shadow_kv/benchmark_hf_Qwen_Qwen2.5-1.5B-Instruct_public_dataset_ultrachat_semantic_cuda.json,1.0129037556383969,1.0115481922038145,0.0
ultrachat,-0.39230120983755934,shadow_kv_plus,12.95525,8.128814388103411,16.793475804661284,17.86249680058063,127,0.9921875,0.5221951226848974,Qwen/Qwen2.5-1.5B-Instruct,12.904625,8.171485486766208,14.585580804642007,15.241753249983958,127,0,semantic,127,16256,42,0,0,0,0,0,0.0,results_blackwell_semantic_seven_models_longprefix_n128_20260713/Qwen_Qwen2_5-1_5B-Instruct/semantic/seed_42/ultrachat/shadow_kv_plus/benchmark_hf_Qwen_Qwen2.5-1.5B-Instruct_public_dataset_ultrachat_semantic_cuda.json,0.8685266215463006,0.8532823501745017,0.0
xsum,-0.9579391526429526,shadow_kv,13.0511640625,8.323977990656388,14.406876421837467,15.699465400075496,,0.0,0.47752411994632576,Qwen/Qwen2.5-1.5B-Instruct,12.927328125,8.363917715118543,14.442468882769788,15.548856600162253,,,semantic,0,0,42,,,,,,,results_blackwell_semantic_seven_models_longprefix_n128_20260713/Qwen_Qwen2_5-1_5B-Instruct/semantic/seed_42/xsum/shadow_kv/benchmark_hf_Qwen_Qwen2.5-1.5B-Instruct_public_dataset_xsum_semantic_cuda.json,1.0024705189306942,0.9904067561490012,0.0
xsum,-2.6454374151657816,shadow_kv_plus,13.2693125,8.491100291997277,17.032704062515336,18.735586049206177,127,0.9921875,-1.5206100921920882,Qwen/Qwen2.5-1.5B-Instruct,12.927328125,8.363917715118543,14.442468882769788,15.548856600162253,127,0,semantic,127,16256,42,0,0,0,0,0,0.0,results_blackwell_semantic_seven_models_longprefix_n128_20260713/Qwen_Qwen2_5-1_5B-Instruct/semantic/seed_42/xsum/shadow_kv_plus/benchmark_hf_Qwen_Qwen2.5-1.5B-Instruct_public_dataset_xsum_semantic_cuda.json,0.8479257802966237,0.8299103406386936,0.0
ag_news,4.6119410705301025,shadow_kv,15.84790625,11.651664817923201,19.386183328123252,19.948727799874177,,0.0,5.747490528798809,Qwen/Qwen2.5-3B-Instruct,16.614140625,12.36217993907458,19.401892492240336,19.8878480995063,,,semantic,0,0,42,,,,,,,results_blackwell_semantic_seven_models_longprefix_n128_20260713/Qwen_Qwen2_5-3B-Instruct/semantic/seed_42/ag_news/shadow_kv/benchmark_hf_Qwen_Qwen2.5-3B-Instruct_public_dataset_ag_news_semantic_cuda.json,1.000810327842835,0.9969481913343736,0.0
ag_news,9.378400364900015,shadow_kv_plus,15.056,10.859875108828255,19.431446453133105,20.09130710007412,127,0.9921875,12.15242649476258,Qwen/Qwen2.5-3B-Instruct,16.614140625,12.36217993907458,19.401892492240336,19.8878480995063,127,0,semantic,127,16256,42,0,0,0,0,0,0.0,results_blackwell_semantic_seven_models_longprefix_n128_20260713/Qwen_Qwen2_5-3B-Instruct/semantic/seed_42/ag_news/shadow_kv_plus/benchmark_hf_Qwen_Qwen2.5-3B-Instruct_public_dataset_ag_news_semantic_cuda.json,0.9984790653148724,0.9898732820341456,0.0
alpaca_eval,2.3129266045988333,shadow_kv,15.924015625,11.657544884975737,19.277901984359858,19.868802499831872,,0.0,3.279318797163559,Qwen/Qwen2.5-3B-Instruct,16.301046875,12.052794438583696,19.25017647656091,19.898420800200256,,,semantic,0,0,42,,,,,,,results_blackwell_semantic_seven_models_longprefix_n128_20260713/Qwen_Qwen2_5-3B-Instruct/semantic/seed_42/alpaca_eval/shadow_kv/benchmark_hf_Qwen_Qwen2.5-3B-Instruct_public_dataset_alpaca_eval_semantic_cuda.json,0.9985617984871258,1.0014906937833135,0.0
alpaca_eval,10.060320128979448,shadow_kv_plus,14.661109375,10.363759064275158,19.3496501015602,19.908228549547857,127,0.9921875,14.013641259005942,Qwen/Qwen2.5-3B-Instruct,16.301046875,12.052794438583696,19.25017647656091,19.898420800200256,127,0,semantic,127,16256,42,0,0,0,0,0,0.0,results_blackwell_semantic_seven_models_longprefix_n128_20260713/Qwen_Qwen2_5-3B-Instruct/semantic/seed_42/alpaca_eval/shadow_kv_plus/benchmark_hf_Qwen_Qwen2.5-3B-Instruct_public_dataset_alpaca_eval_semantic_cuda.json,0.9948591512261367,0.9995073519814588,0.0
banking77,-1.2765450067229307,shadow_kv,16.0588125,11.784668340985773,19.262807093888057,19.882499499681217,,0.0,-2.5777327821796012,Qwen/Qwen2.5-3B-Instruct,15.8563984375,11.488524869242454,19.195881992125408,19.81777520045398,,,semantic,0,0,42,,,,,,,results_blackwell_semantic_seven_models_longprefix_n128_20260713/Qwen_Qwen2_5-3B-Instruct/semantic/seed_42/banking77/shadow_kv/benchmark_hf_Qwen_Qwen2.5-3B-Instruct_public_dataset_banking77_semantic_cuda.json,0.9965256828126632,0.996744659833726,0.0
banking77,7.681441689302278,shadow_kv_plus,14.6383984375,10.373498580456072,19.42473064062966,20.113541250020717,127,0.9921875,9.705565348703518,Qwen/Qwen2.5-3B-Instruct,15.8563984375,11.488524869242454,19.195881992125408,19.81777520045398,127,0,semantic,127,16256,42,0,0,0,0,0,0.0,results_blackwell_semantic_seven_models_longprefix_n128_20260713/Qwen_Qwen2_5-3B-Instruct/semantic/seed_42/banking77/shadow_kv_plus/benchmark_hf_Qwen_Qwen2.5-3B-Instruct_public_dataset_banking77_semantic_cuda.json,0.9882186964268331,0.9852951777168313,0.0
cnn_dailymail,-0.4122624829463719,shadow_kv,20.8266171875,15.950765536070556,25.66076946868634,26.70506839981499,,0.0,-1.1312283117385584,Qwen/Qwen2.5-3B-Instruct,20.741109375,15.772344311790693,25.712616921893527,26.896875699912925,,,semantic,0,0,42,,,,,,,results_blackwell_semantic_seven_models_longprefix_n128_20260713/Qwen_Qwen2_5-3B-Instruct/semantic/seed_42/cnn_dailymail/shadow_kv/benchmark_hf_Qwen_Qwen2.5-3B-Instruct_public_dataset_cnn_dailymail_semantic_cuda.json,1.0020204948752787,1.0071824305868193,0.0
cnn_dailymail,-1.868760033478193,shadow_kv_plus,21.1287109375,16.052034041140004,30.681608109418335,32.66671035030413,127,0.9921875,-1.7732920599522266,Qwen/Qwen2.5-3B-Instruct,20.741109375,15.772344311790693,25.712616921893527,26.896875699912925,127,0,semantic,127,16256,42,0,0,0,0,0,0.0,results_blackwell_semantic_seven_models_longprefix_n128_20260713/Qwen_Qwen2_5-3B-Instruct/semantic/seed_42/cnn_dailymail/shadow_kv_plus/benchmark_hf_Qwen_Qwen2.5-3B-Instruct_public_dataset_cnn_dailymail_semantic_cuda.json,0.8380465857655135,0.8233726448571677,0.0
daily_dialog,0.6975956779730563,shadow_kv,16.749421875,12.491184660850784,19.753003820291326,22.33093989925692,,0.0,0.37413660550914896,Qwen/Qwen2.5-3B-Instruct,16.8670859375,12.538094261114857,19.79400792184549,21.801980699910928,,,semantic,0,0,42,,,,,,,results_blackwell_semantic_seven_models_longprefix_n128_20260713/Qwen_Qwen2_5-3B-Instruct/semantic/seed_42/daily_dialog/shadow_kv/benchmark_hf_Qwen_Qwen2.5-3B-Instruct_public_dataset_daily_dialog_semantic_cuda.json,1.002075841321513,0.9763127211961378,0.0
daily_dialog,7.1329748627481315,shadow_kv_plus,15.6639609375,11.148699759119477,20.335645250099788,23.536045050423127,127,0.9921875,11.081385041938887,Qwen/Qwen2.5-3B-Instruct,16.8670859375,12.538094261114857,19.79400792184549,21.801980699910928,127,0,semantic,127,16256,42,0,0,0,0,0,0.0,results_blackwell_semantic_seven_models_longprefix_n128_20260713/Qwen_Qwen2_5-3B-Instruct/semantic/seed_42/daily_dialog/shadow_kv_plus/benchmark_hf_Qwen_Qwen2.5-3B-Instruct_public_dataset_daily_dialog_semantic_cuda.json,0.9733651270174651,0.9263230357183131,0.0
dolly,2.0778055981165053,shadow_kv,16.786296875,12.24426892557438,20.15435591410153,23.311649650077015,,0.0,5.206452224669309,Qwen/Qwen2.5-3B-Instruct,17.142484375,12.91677462541481,20.273951882856522,23.28980150045936,,,semantic,0,0,42,,,,,,,results_blackwell_semantic_seven_models_longprefix_n128_20260713/Qwen_Qwen2_5-3B-Instruct/semantic/seed_42/dolly/shadow_kv/benchmark_hf_Qwen_Qwen2.5-3B-Instruct_public_dataset_dolly_semantic_cuda.json,1.0059340010300857,0.999062779771247,0.0
dolly,8.667382480843,shadow_kv_plus,15.6566796875,11.372503351052313,20.365886562494495,24.157034599784307,127,0.9921875,11.95554865007877,Qwen/Qwen2.5-3B-Instruct,17.142484375,12.91677462541481,20.273951882856522,23.28980150045936,127,0,semantic,127,16256,42,0,0,0,0,0,0.0,results_blackwell_semantic_seven_models_longprefix_n128_20260713/Qwen_Qwen2_5-3B-Instruct/semantic/seed_42/dolly/shadow_kv_plus/benchmark_hf_Qwen_Qwen2.5-3B-Instruct_public_dataset_dolly_semantic_cuda.json,0.9954858493709143,0.9641001839136046,0.0
oasst1,1.063721517037514,shadow_kv,16.8601640625,12.380246703380447,20.33820267962483,23.41145579998738,,0.0,0.8939547939838572,Qwen/Qwen2.5-3B-Instruct,17.0414375,12.49191881044701,20.35715456257492,24.12080330004755,,,semantic,0,0,42,,,,,,,results_blackwell_semantic_seven_models_longprefix_n128_20260713/Qwen_Qwen2_5-3B-Instruct/semantic/seed_42/oasst1/shadow_kv/benchmark_hf_Qwen_Qwen2.5-3B-Instruct_public_dataset_oasst1_semantic_cuda.json,1.0009318366646567,1.0302991623468607,0.0
oasst1,6.226367347238167,shadow_kv_plus,15.980375,11.707064033620831,20.746219796869525,24.00833210062956,127,0.9921875,6.282900079127978,Qwen/Qwen2.5-3B-Instruct,17.0414375,12.49191881044701,20.35715456257492,24.12080330004755,127,0,semantic,127,16256,42,0,0,0,0,0,0.0,results_blackwell_semantic_seven_models_longprefix_n128_20260713/Qwen_Qwen2_5-3B-Instruct/semantic/seed_42/oasst1/shadow_kv_plus/benchmark_hf_Qwen_Qwen2.5-3B-Instruct_public_dataset_oasst1_semantic_cuda.json,0.9812464517341462,1.0046846735935915,0.0
samsum,-0.5961366688556664,shadow_kv,17.544390625,13.143626581219024,21.028843437555622,25.30859299995427,,0.0,-1.3232139250301398,Qwen/Qwen2.5-3B-Instruct,17.440421875,12.971979541572871,21.10326235152371,25.29190070022196,,,semantic,0,0,42,,,,,,,results_blackwell_semantic_seven_models_longprefix_n128_20260713/Qwen_Qwen2_5-3B-Instruct/semantic/seed_42/samsum/shadow_kv/benchmark_hf_Qwen_Qwen2.5-3B-Instruct_public_dataset_samsum_semantic_cuda.json,1.003538897143301,0.9993404493196306,0.0
samsum,4.683982164278918,shadow_kv_plus,16.623515625,12.021818219884718,21.95349525779733,25.884391150020747,127,0.9921875,7.324721093207526,Qwen/Qwen2.5-3B-Instruct,17.440421875,12.971979541572871,21.10326235152371,25.29190070022196,127,0,semantic,127,16256,42,0,0,0,0,0,0.0,results_blackwell_semantic_seven_models_longprefix_n128_20260713/Qwen_Qwen2_5-3B-Instruct/semantic/seed_42/samsum/shadow_kv_plus/benchmark_hf_Qwen_Qwen2.5-3B-Instruct_public_dataset_samsum_semantic_cuda.json,0.9612711827301561,0.9771101260846804,0.0
ultrachat,-0.39247476833142314,shadow_kv,19.524234375,14.763817631883892,24.60967605462372,25.66889825011458,,0.0,0.8561238153767454,Qwen/Qwen2.5-3B-Instruct,19.44790625,14.89130564593932,24.589392343735028,25.640115699889066,,,semantic,0,0,42,,,,,,,results_blackwell_semantic_seven_models_longprefix_n128_20260713/Qwen_Qwen2_5-3B-Instruct/semantic/seed_42/ultrachat/shadow_kv/benchmark_hf_Qwen_Qwen2.5-3B-Instruct_public_dataset_ultrachat_semantic_cuda.json,0.9991757831007743,0.9988786994305302,0.0
ultrachat,-0.40420482281993314,shadow_kv_plus,19.526515625,14.735195177918342,25.513320460952116,28.94454989973383,127,0.9921875,1.0483329785360214,Qwen/Qwen2.5-3B-Instruct,19.44790625,14.89130564593932,24.589392343735028,25.640115699889066,127,0,semantic,127,16256,42,0,0,0,0,0,0.0,results_blackwell_semantic_seven_models_longprefix_n128_20260713/Qwen_Qwen2_5-3B-Instruct/semantic/seed_42/ultrachat/shadow_kv_plus/benchmark_hf_Qwen_Qwen2.5-3B-Instruct_public_dataset_ultrachat_semantic_cuda.json,0.9637864417283062,0.8858357027042542,0.0
xsum,-4.424482763501948,shadow_kv,20.1711796875,15.335474572548556,24.313184843769875,26.27316040034202,,0.0,-4.638559619552086,Qwen/Qwen2.5-3B-Instruct,19.3165234375,14.655662910790936,24.365754054635147,26.116887350008255,,,semantic,0,0,42,,,,,,,results_blackwell_semantic_seven_models_longprefix_n128_20260713/Qwen_Qwen2_5-3B-Instruct/semantic/seed_42/xsum/shadow_kv/benchmark_hf_Qwen_Qwen2.5-3B-Instruct_public_dataset_xsum_semantic_cuda.json,1.0021621688480167,0.9940519888756234,0.0
xsum,-2.2302392503179975,shadow_kv_plus,19.747328125,14.796350100686016,27.259024492174433,31.706073200348325,127,0.9921875,-0.9599510493073165,Qwen/Qwen2.5-3B-Instruct,19.3165234375,14.655662910790936,24.365754054635147,26.116887350008255,127,0,semantic,127,16256,42,0,0,0,0,0,0.0,results_blackwell_semantic_seven_models_longprefix_n128_20260713/Qwen_Qwen2_5-3B-Instruct/semantic/seed_42/xsum/shadow_kv_plus/benchmark_hf_Qwen_Qwen2.5-3B-Instruct_public_dataset_xsum_semantic_cuda.json,0.8938600888535138,0.8237187615438084,0.0
ag_news,-3.3064883782310615,shadow_kv,9.4182265625,5.390383862970301,9.284725976520747,10.179362149710869,,0.0,-4.230812298992778,TinyLlama/TinyLlama-1.1B-Chat-v1.0,9.11678125,5.171583857091739,9.266577945297172,10.18187560030128,,,semantic,0,0,42,,,,,,,results_blackwell_semantic_seven_models_longprefix_n128_20260713/TinyLlama_TinyLlama-1_1B-Chat-v1_0/semantic/seed_42/ag_news/shadow_kv/benchmark_hf_TinyLlama_TinyLlama-1.1B-Chat-v1.0_public_dataset_ag_news_semantic_cuda.json,0.9980453886017242,1.0002469163149366,0.0
ag_news,-4.175935860038321,shadow_kv_plus,9.4974921875,5.412587693160897,10.745761984352953,11.570124249874425,127,0.9921875,-4.660155239263344,TinyLlama/TinyLlama-1.1B-Chat-v1.0,9.11678125,5.171583857091739,9.266577945297172,10.18187560030128,127,0,semantic,127,16256,42,0,0,0,0,0,0.0,results_blackwell_semantic_seven_models_longprefix_n128_20260713/TinyLlama_TinyLlama-1_1B-Chat-v1_0/semantic/seed_42/ag_news/shadow_kv_plus/benchmark_hf_TinyLlama_TinyLlama-1.1B-Chat-v1.0_public_dataset_ag_news_semantic_cuda.json,0.8623472173299911,0.8800143698034866,0.0
alpaca_eval,-2.4439168061448155,shadow_kv,9.2527265625,5.326756250533651,9.040763726531509,10.085584250145985,,0.0,-5.12227205053322,TinyLlama/TinyLlama-1.1B-Chat-v1.0,9.0319921875,5.06720045774223,8.991110132825497,9.811253399811903,,,semantic,0,0,42,,,,,,,results_blackwell_semantic_seven_models_longprefix_n128_20260713/TinyLlama_TinyLlama-1_1B-Chat-v1_0/semantic/seed_42/alpaca_eval/shadow_kv/benchmark_hf_TinyLlama_TinyLlama-1.1B-Chat-v1.0_public_dataset_alpaca_eval_semantic_cuda.json,0.994507809825812,0.9727997066377081,0.0
alpaca_eval,-1.6546218087613824,shadow_kv_plus,9.1814375,5.01427760694863,10.493146804698483,11.352495300434384,127,0.9921875,1.0444199165781634,TinyLlama/TinyLlama-1.1B-Chat-v1.0,9.0319921875,5.06720045774223,8.991110132825497,9.811253399811903,127,0,semantic,127,16256,42,0,0,0,0,0,0.0,results_blackwell_semantic_seven_models_longprefix_n128_20260713/TinyLlama_TinyLlama-1_1B-Chat-v1_0/semantic/seed_42/alpaca_eval/shadow_kv_plus/benchmark_hf_TinyLlama_TinyLlama-1.1B-Chat-v1.0_public_dataset_alpaca_eval_semantic_cuda.json,0.8568554600608062,0.8642376094563539,0.0
banking77,-1.098748836016433,shadow_kv,9.1775390625,5.186742918955113,9.028202335912283,9.831632450232064,,0.0,-1.1815923710325167,TinyLlama/TinyLlama-1.1B-Chat-v1.0,9.077796875,5.126172456285671,8.926324226614213,9.743051950817971,,,semantic,0,0,42,,,,,,,results_blackwell_semantic_seven_models_longprefix_n128_20260713/TinyLlama_TinyLlama-1_1B-Chat-v1_0/semantic/seed_42/banking77/shadow_kv/benchmark_hf_TinyLlama_TinyLlama-1.1B-Chat-v1.0_public_dataset_banking77_semantic_cuda.json,0.9887155708847131,0.9909902551928697,0.0
banking77,-1.1236206472178694,shadow_kv_plus,9.179796875,5.098019325086516,10.358460523427482,11.09875820011439,127,0.9921875,0.5492037468352055,TinyLlama/TinyLlama-1.1B-Chat-v1.0,9.077796875,5.126172456285671,8.926324226614213,9.743051950817971,127,0,semantic,127,16256,42,0,0,0,0,0,0.0,results_blackwell_semantic_seven_models_longprefix_n128_20260713/TinyLlama_TinyLlama-1_1B-Chat-v1_0/semantic/seed_42/banking77/shadow_kv_plus/benchmark_hf_TinyLlama_TinyLlama-1.1B-Chat-v1.0_public_dataset_banking77_semantic_cuda.json,0.861742360887099,0.8778506365439653,0.0
cnn_dailymail,-2.802759755436302,shadow_kv,11.16821875,6.79671043004917,12.032820289093138,13.416625449508501,,0.0,-1.7652018306628268,TinyLlama/TinyLlama-1.1B-Chat-v1.0,10.863734375,6.6788158503914605,11.976960773417034,13.68043999968904,,,semantic,0,0,42,,,,,,,results_blackwell_semantic_seven_models_longprefix_n128_20260713/TinyLlama_TinyLlama-1_1B-Chat-v1_0/semantic/seed_42/cnn_dailymail/shadow_kv/benchmark_hf_TinyLlama_TinyLlama-1.1B-Chat-v1.0_public_dataset_cnn_dailymail_semantic_cuda.json,0.9953577370612992,1.0196632566939703,0.0
cnn_dailymail,-13.926351867379859,shadow_kv_plus,12.37665625,7.933359601238466,15.113991140594862,15.861880800048311,127,0.9921875,-18.78392485957633,TinyLlama/TinyLlama-1.1B-Chat-v1.0,10.863734375,6.6788158503914605,11.976960773417034,13.68043999968904,127,0,semantic,127,16256,42,0,0,0,0,0,0.0,results_blackwell_semantic_seven_models_longprefix_n128_20260713/TinyLlama_TinyLlama-1_1B-Chat-v1_0/semantic/seed_42/cnn_dailymail/shadow_kv_plus/benchmark_hf_TinyLlama_TinyLlama-1.1B-Chat-v1.0_public_dataset_cnn_dailymail_semantic_cuda.json,0.7924419606974601,0.8624727528936779,0.0
daily_dialog,-0.23085375315374634,shadow_kv,9.4568671875,5.531318463312953,9.554278046948639,10.621195949852336,,0.0,-3.7881129473241115,TinyLlama/TinyLlama-1.1B-Chat-v1.0,9.4350859375,5.329433502775293,9.51420780475587,10.736799750748105,,,semantic,0,0,42,,,,,,,results_blackwell_semantic_seven_models_longprefix_n128_20260713/TinyLlama_TinyLlama-1_1B-Chat-v1_0/semantic/seed_42/daily_dialog/shadow_kv/benchmark_hf_TinyLlama_TinyLlama-1.1B-Chat-v1.0_public_dataset_daily_dialog_semantic_cuda.json,0.9958060418593777,1.0108842546019854,0.0
daily_dialog,-4.576667376009255,shadow_kv_plus,9.8668984375,5.520575530025517,11.523673937510637,12.55573599969466,127,0.9921875,-3.586535551117894,TinyLlama/TinyLlama-1.1B-Chat-v1.0,9.4350859375,5.329433502775293,9.51420780475587,10.736799750748105,127,0,semantic,127,16256,42,0,0,0,0,0,0.0,results_blackwell_semantic_seven_models_longprefix_n128_20260713/TinyLlama_TinyLlama-1_1B-Chat-v1_0/semantic/seed_42/daily_dialog/shadow_kv_plus/benchmark_hf_TinyLlama_TinyLlama-1.1B-Chat-v1.0_public_dataset_daily_dialog_semantic_cuda.json,0.8256227880403865,0.8551310533296663,0.0
dolly,-0.90608236701028,shadow_kv,9.4068828125,5.388992182579667,9.49354121092938,11.520491599776504,,0.0,-0.9799817874172609,TinyLlama/TinyLlama-1.1B-Chat-v1.0,9.3224140625,5.336693557664287,9.589076804687124,11.524009249706067,,,semantic,0,0,42,,,,,,,results_blackwell_semantic_seven_models_longprefix_n128_20260713/TinyLlama_TinyLlama-1_1B-Chat-v1_0/semantic/seed_42/dolly/shadow_kv/benchmark_hf_TinyLlama_TinyLlama-1.1B-Chat-v1.0_public_dataset_dolly_semantic_cuda.json,1.0100632199971662,1.0003053385264942,0.0
dolly,-1.734981802091563,shadow_kv_plus,9.48415625,5.80143145984964,10.946639226524724,13.122549750551114,127,0.9921875,-8.708349039789265,TinyLlama/TinyLlama-1.1B-Chat-v1.0,9.3224140625,5.336693557664287,9.589076804687124,11.524009249706067,127,0,semantic,127,16256,42,0,0,0,0,0,0.0,results_blackwell_semantic_seven_models_longprefix_n128_20260713/TinyLlama_TinyLlama-1_1B-Chat-v1_0/semantic/seed_42/dolly/shadow_kv_plus/benchmark_hf_TinyLlama_TinyLlama-1.1B-Chat-v1.0_public_dataset_dolly_semantic_cuda.json,0.8759836335385842,0.8781836966723702,0.0
oasst1,-1.786761125322333,shadow_kv,9.2918828125,5.694620169126821,9.442328187574844,10.851275149570938,,0.0,-3.9042313253296013,TinyLlama/TinyLlama-1.1B-Chat-v1.0,9.1287734375,5.4806431812162355,9.442361593727355,10.914159499270681,,,semantic,0,0,42,,,,,,,results_blackwell_semantic_seven_models_longprefix_n128_20260713/TinyLlama_TinyLlama-1_1B-Chat-v1_0/semantic/seed_42/oasst1/shadow_kv/benchmark_hf_TinyLlama_TinyLlama-1.1B-Chat-v1.0_public_dataset_oasst1_semantic_cuda.json,1.0000035379147862,1.0057951115267987,0.0
oasst1,-3.554009771644091,shadow_kv_plus,9.4532109375,5.749944018142001,11.213054343748752,13.043273599760141,127,0.9921875,-4.913672137035632,TinyLlama/TinyLlama-1.1B-Chat-v1.0,9.1287734375,5.4806431812162355,9.442361593727355,10.914159499270681,127,0,semantic,127,16256,42,0,0,0,0,0,0.0,results_blackwell_semantic_seven_models_longprefix_n128_20260713/TinyLlama_TinyLlama-1_1B-Chat-v1_0/semantic/seed_42/oasst1/shadow_kv_plus/benchmark_hf_TinyLlama_TinyLlama-1.1B-Chat-v1.0_public_dataset_oasst1_semantic_cuda.json,0.8420864917141374,0.8367653576991122,0.0
samsum,-3.492623349516081,shadow_kv,9.591203125,5.971012375540784,9.872227382828669,11.629498949650952,,0.0,-5.688471403277265,TinyLlama/TinyLlama-1.1B-Chat-v1.0,9.2675234375,5.649634530862967,9.930212851543274,11.383961548926889,,,semantic,0,0,42,,,,,,,results_blackwell_semantic_seven_models_longprefix_n128_20260713/TinyLlama_TinyLlama-1_1B-Chat-v1_0/semantic/seed_42/samsum/shadow_kv/benchmark_hf_TinyLlama_TinyLlama-1.1B-Chat-v1.0_public_dataset_samsum_semantic_cuda.json,1.005873595336293,0.9788866741562041,0.0
samsum,-10.273864629759675,shadow_kv_plus,10.21965625,6.37755673146177,11.854511523402778,13.783264649646297,127,0.9921875,-12.884412197325174,TinyLlama/TinyLlama-1.1B-Chat-v1.0,9.2675234375,5.649634530862967,9.930212851543274,11.383961548926889,127,0,semantic,127,16256,42,0,0,0,0,0,0.0,results_blackwell_semantic_seven_models_longprefix_n128_20260713/TinyLlama_TinyLlama-1_1B-Chat-v1_0/semantic/seed_42/samsum/shadow_kv_plus/benchmark_hf_TinyLlama_TinyLlama-1.1B-Chat-v1.0_public_dataset_samsum_semantic_cuda.json,0.8376737271661833,0.8259263562220741,0.0
ultrachat,-2.1536877012317546,shadow_kv,10.507296875,6.8043587034110695,11.003523304736973,11.714951050680611,,0.0,-4.805710735151635,TinyLlama/TinyLlama-1.1B-Chat-v1.0,10.2857734375,6.4923549066958435,11.04301781241901,11.795135000602386,,,semantic,0,0,42,,,,,,,results_blackwell_semantic_seven_models_longprefix_n128_20260713/TinyLlama_TinyLlama-1_1B-Chat-v1_0/semantic/seed_42/ultrachat/shadow_kv/benchmark_hf_TinyLlama_TinyLlama-1.1B-Chat-v1.0_public_dataset_ultrachat_semantic_cuda.json,1.003589260147705,1.0068445825829648,0.0
ultrachat,-9.595170513884847,shadow_kv_plus,11.2727109375,7.244914549546239,13.879434570327476,14.418806100184156,127,0.9921875,-11.59147418256893,TinyLlama/TinyLlama-1.1B-Chat-v1.0,10.2857734375,6.4923549066958435,11.04301781241901,11.795135000602386,127,0,semantic,127,16256,42,0,0,0,0,0,0.0,results_blackwell_semantic_seven_models_longprefix_n128_20260713/TinyLlama_TinyLlama-1_1B-Chat-v1_0/semantic/seed_42/ultrachat/shadow_kv_plus/benchmark_hf_TinyLlama_TinyLlama-1.1B-Chat-v1.0_public_dataset_ultrachat_semantic_cuda.json,0.7956388825829853,0.8180382563332854,0.0
xsum,-0.48492911130303046,shadow_kv,10.2442265625,6.401609134805952,10.919880140612293,11.896169149576963,,0.0,1.2251744564269222,TinyLlama/TinyLlama-1.1B-Chat-v1.0,10.1947890625,6.481012848746541,11.116352257829476,12.201223549891438,,,semantic,0,0,42,,,,,,,results_blackwell_semantic_seven_models_longprefix_n128_20260713/TinyLlama_TinyLlama-1_1B-Chat-v1_0/semantic/seed_42/xsum/shadow_kv/benchmark_hf_TinyLlama_TinyLlama-1.1B-Chat-v1.0_public_dataset_xsum_semantic_cuda.json,1.017992149610368,1.0256430785809163,0.0
xsum,-11.282878124777282,shadow_kv_plus,11.3450546875,7.2368239588375,13.739133703126072,14.91094930033796,127,0.9921875,-11.661928894912414,TinyLlama/TinyLlama-1.1B-Chat-v1.0,10.1947890625,6.481012848746541,11.116352257829476,12.201223549891438,127,0,semantic,127,16256,42,0,0,0,0,0,0.0,results_blackwell_semantic_seven_models_longprefix_n128_20260713/TinyLlama_TinyLlama-1_1B-Chat-v1_0/semantic/seed_42/xsum/shadow_kv_plus/benchmark_hf_TinyLlama_TinyLlama-1.1B-Chat-v1.0_public_dataset_xsum_semantic_cuda.json,0.8091013959126234,0.8182727540770925,0.0
ag_news,-0.4629823767457425,shadow_kv,46.7920625,39.11337353774534,70.46671098439816,71.54707325003073,,0.0,0.15538558084830895,google/gemma-4-12B-it,46.576421875,39.17424466536155,70.37262722656834,71.3409144495472,,,semantic,0,0,42,,,,,,,results_blackwell_semantic_seven_models_longprefix_n128_20260713/google_gemma-4-12B-it/semantic/seed_42/ag_news/shadow_kv/benchmark_hf_google_gemma-4-12B-it_public_dataset_ag_news_semantic_cuda.json,0.9986648481741875,0.9971185571803464,0.0
ag_news,10.493859050867677,shadow_kv_plus,41.6887578125,34.2524299491714,65.82575674999447,67.00238635021378,127,0.9921875,12.56390457106143,google/gemma-4-12B-it,46.576421875,39.17424466536155,70.37262722656834,71.3409144495472,127,0,semantic,127,16256,42,0,0,0,0,0,0.0,results_blackwell_semantic_seven_models_longprefix_n128_20260713/google_gemma-4-12B-it/semantic/seed_42/ag_news/shadow_kv_plus/benchmark_hf_google_gemma-4-12B-it_public_dataset_ag_news_semantic_cuda.json,1.0690743365677182,1.064751844459038,0.0
alpaca_eval,-0.21735955886030736,shadow_kv,46.4849375,38.68343247021368,69.5957207265323,71.10526634996859,,0.0,-0.6019609602469386,google/gemma-4-12B-it,46.3841171875,38.451966642578185,69.77034650774527,71.22339090010428,,,semantic,0,0,42,,,,,,,results_blackwell_semantic_seven_models_longprefix_n128_20260713/google_gemma-4-12B-it/semantic/seed_42/alpaca_eval/shadow_kv/benchmark_hf_google_gemma-4-12B-it_public_dataset_alpaca_eval_semantic_cuda.json,1.00250914538121,1.001661263028737,0.0
alpaca_eval,12.967683071741126,shadow_kv_plus,40.369171875,32.94617954587663,64.65703831254643,66.71533794988136,127,0.9921875,14.318609885105198,google/gemma-4-12B-it,46.3841171875,38.451966642578185,69.77034650774527,71.22339090010428,127,0,semantic,127,16256,42,0,0,0,0,0,0.0,results_blackwell_semantic_seven_models_longprefix_n128_20260713/google_gemma-4-12B-it/semantic/seed_42/alpaca_eval/shadow_kv_plus/benchmark_hf_google_gemma-4-12B-it_public_dataset_alpaca_eval_semantic_cuda.json,1.0790835511283638,1.0675714624065835,0.0
banking77,-0.9491624056599127,shadow_kv,47.0542421875,39.28069095133776,69.78773238282798,70.6929728999512,,0.0,-0.9888556984807254,google/gemma-4-12B-it,46.6118203125,38.896064996138676,69.76698761723554,70.57974975023171,,,semantic,0,0,42,,,,,,,results_blackwell_semantic_seven_models_longprefix_n128_20260713/google_gemma-4-12B-it/semantic/seed_42/banking77/shadow_kv/benchmark_hf_google_gemma-4-12B-it_public_dataset_banking77_semantic_cuda.json,0.9997027448108122,0.998398381832382,0.0
banking77,13.34774089123384,shadow_kv_plus,40.3901953125,32.987206258790664,64.89743139835724,65.84728180041566,127,0.9921875,15.191404935009752,google/gemma-4-12B-it,46.6118203125,38.896064996138676,69.76698761723554,70.57974975023171,127,0,semantic,127,16256,42,0,0,0,0,0,0.0,results_blackwell_semantic_seven_models_longprefix_n128_20260713/google_gemma-4-12B-it/semantic/seed_42/banking77/shadow_kv_plus/benchmark_hf_google_gemma-4-12B-it_public_dataset_banking77_semantic_cuda.json,1.075034652588755,1.0718703615459824,0.0
cnn_dailymail,-0.47631251018870385,shadow_kv,68.1834140625,57.739529962778576,100.77526483592436,107.55720709962588,,0.0,0.1916373957263393,google/gemma-4-12B-it,67.8601875,57.85039294924396,100.55424969533533,107.24988750039302,,,semantic,0,0,42,,,,,,,results_blackwell_semantic_seven_models_longprefix_n128_20260713/google_gemma-4-12B-it/semantic/seed_42/cnn_dailymail/shadow_kv/benchmark_hf_google_gemma-4-12B-it_public_dataset_cnn_dailymail_semantic_cuda.json,0.9978068513047436,0.9971427335506378,0.0
cnn_dailymail,61.24369452633769,shadow_kv_plus,26.3001015625,19.94350141801711,43.10969678120813,43.678553149720756,127,0.9921875,65.52572869208531,google/gemma-4-12B-it,67.8601875,57.85039294924396,100.55424969533533,107.24988750039302,127,0,semantic,127,16256,42,0,0,0,0,0,0.0,results_blackwell_semantic_seven_models_longprefix_n128_20260713/google_gemma-4-12B-it/semantic/seed_42/cnn_dailymail/shadow_kv_plus/benchmark_hf_google_gemma-4-12B-it_public_dataset_cnn_dailymail_semantic_cuda.json,2.332520458347732,2.455435900835893,0.0
daily_dialog,-3.661709566768032,shadow_kv,49.9203046875,41.890448758701055,72.79416930467875,81.28556920009942,,0.0,-4.793875790735658,google/gemma-4-12B-it,48.1569375,39.97413822383349,72.74469509374626,80.88739499958137,,,semantic,0,0,42,,,,,,,results_blackwell_semantic_seven_models_longprefix_n128_20260713/google_gemma-4-12B-it/semantic/seed_42/daily_dialog/shadow_kv/benchmark_hf_google_gemma-4-12B-it_public_dataset_daily_dialog_semantic_cuda.json,0.9993203547563623,0.9951015388778559,0.0
daily_dialog,14.345739385939975,shadow_kv_plus,41.24846875,33.65458908086647,65.08692246873693,65.77842639994742,127,0.9921875,15.80909413876785,google/gemma-4-12B-it,48.1569375,39.97413822383349,72.74469509374626,80.88739499958137,127,0,semantic,127,16256,42,0,0,0,0,0,0.0,results_blackwell_semantic_seven_models_longprefix_n128_20260713/google_gemma-4-12B-it/semantic/seed_42/daily_dialog/shadow_kv_plus/benchmark_hf_google_gemma-4-12B-it_public_dataset_daily_dialog_semantic_cuda.json,1.1176545507845692,1.229694892787007,0.0
dolly,0.9244859330963828,shadow_kv,48.974203125,40.63117945676077,73.63440265623211,84.59913415003938,,0.0,1.6932916819786603,google/gemma-4-12B-it,49.4311875,41.33103442475081,73.55748706251575,84.80399195054814,,,semantic,0,0,42,,,,,,,results_blackwell_semantic_seven_models_longprefix_n128_20260713/google_gemma-4-12B-it/semantic/seed_42/dolly/shadow_kv/benchmark_hf_google_gemma-4-12B-it_public_dataset_dolly_semantic_cuda.json,0.9989554394285582,1.0024215117869344,0.0
dolly,15.450455747194017,shadow_kv_plus,41.79384375,34.125367628116265,65.46767756247363,67.33229799956462,127,0.9921875,17.43403448987834,google/gemma-4-12B-it,49.4311875,41.33103442475081,73.55748706251575,84.80399195054814,127,0,semantic,127,16256,42,0,0,0,0,0,0.0,results_blackwell_semantic_seven_models_longprefix_n128_20260713/google_gemma-4-12B-it/semantic/seed_42/dolly/shadow_kv_plus/benchmark_hf_google_gemma-4-12B-it_public_dataset_dolly_semantic_cuda.json,1.1235695201242213,1.25948459313087,0.0
oasst1,0.15821782147310542,shadow_kv,49.9754140625,41.60265724113666,74.19288052345507,85.54138385065926,,0.0,-0.0954791824396416,google/gemma-4-12B-it,50.054609375,41.56297325407606,74.19611432809603,85.23105359968213,,,semantic,0,0,42,,,,,,,results_blackwell_semantic_seven_models_longprefix_n128_20260713/google_gemma-4-12B-it/semantic/seed_42/oasst1/shadow_kv/benchmark_hf_google_gemma-4-12B-it_public_dataset_oasst1_semantic_cuda.json,1.0000435864549015,0.9963721623732565,0.0
oasst1,16.11919169532027,shadow_kv_plus,41.9862109375,34.22324723022571,65.34985426559103,66.23653940037002,127,0.9921875,17.659290106562693,google/gemma-4-12B-it,50.054609375,41.56297325407606,74.19611432809603,85.23105359968213,127,0,semantic,127,16256,42,0,0,0,0,0,0.0,results_blackwell_semantic_seven_models_longprefix_n128_20260713/google_gemma-4-12B-it/semantic/seed_42/oasst1/shadow_kv_plus/benchmark_hf_google_gemma-4-12B-it_public_dataset_oasst1_semantic_cuda.json,1.1353677091084633,1.2867679134699177,0.0
samsum,-0.27238464733596224,shadow_kv,53.298015625,44.574968910666016,78.6711928516155,98.125357050003,,0.0,0.2892789136666323,google/gemma-4-12B-it,53.153234375,44.704288992225116,78.53059116402505,97.60584320079033,,,semantic,0,0,42,,,,,,,results_blackwell_semantic_seven_models_longprefix_n128_20260713/google_gemma-4-12B-it/semantic/seed_42/samsum/shadow_kv/benchmark_hf_google_gemma-4-12B-it_public_dataset_samsum_semantic_cuda.json,0.9982127932411595,0.9947056106104364,0.0
samsum,34.24853320602844,shadow_kv_plus,34.94903125,27.9547457707865,55.55497764058259,56.14867139984199,127,0.9921875,37.46741889654406,google/gemma-4-12B-it,53.153234375,44.704288992225116,78.53059116402505,97.60584320079033,127,0,semantic,127,16256,42,0,0,0,0,0,0.0,results_blackwell_semantic_seven_models_longprefix_n128_20260713/google_gemma-4-12B-it/semantic/seed_42/samsum/shadow_kv_plus/benchmark_hf_google_gemma-4-12B-it_public_dataset_samsum_semantic_cuda.json,1.413565345522863,1.7383464428877833,0.0
ultrachat,0.07391596987389257,shadow_kv,63.4331015625,53.792487724109144,94.97002028117407,98.85275229976287,,0.0,-0.22911483002604932,google/gemma-4-12B-it,63.4800234375,53.66952288796858,94.90334492179642,98.48461954989034,,,semantic,0,0,42,,,,,,,results_blackwell_semantic_seven_models_longprefix_n128_20260713/google_gemma-4-12B-it/semantic/seed_42/ultrachat/shadow_kv/benchmark_hf_google_gemma-4-12B-it_public_dataset_ultrachat_semantic_cuda.json,0.9992979325561872,0.9962759484049953,0.0
ultrachat,48.56975798119561,shadow_kv_plus,32.6479296875,25.768311875384796,50.87684308593765,51.444461799201235,127,0.9921875,51.987067354456705,google/gemma-4-12B-it,63.4800234375,53.66952288796858,94.90334492179642,98.48461954989034,127,0,semantic,127,16256,42,0,0,0,0,0,0.0,results_blackwell_semantic_seven_models_longprefix_n128_20260713/google_gemma-4-12B-it/semantic/seed_42/ultrachat/shadow_kv_plus/benchmark_hf_google_gemma-4-12B-it_public_dataset_ultrachat_semantic_cuda.json,1.8653544356416187,1.91438720720409,0.0
xsum,-0.5986172374837343,shadow_kv,63.1611640625,53.66648747031985,93.34267442191191,100.81228289991486,,0.0,-0.5333434167667181,google/gemma-4-12B-it,62.7853203125,53.38177926485779,93.29123532031502,100.52607619986702,,,semantic,0,0,42,,,,,,,results_blackwell_semantic_seven_models_longprefix_n128_20260713/google_gemma-4-12B-it/semantic/seed_42/xsum/shadow_kv/benchmark_hf_google_gemma-4-12B-it_public_dataset_xsum_semantic_cuda.json,0.9994489219222027,0.9971609937617226,0.0
xsum,56.73924077346404,shadow_kv_plus,27.16140625,20.983712974010203,44.621632078076345,45.098929548748856,127,0.9921875,60.69124472247749,google/gemma-4-12B-it,62.7853203125,53.38177926485779,93.29123532031502,100.52607619986702,127,0,semantic,127,16256,42,0,0,0,0,0,0.0,results_blackwell_semantic_seven_models_longprefix_n128_20260713/google_gemma-4-12B-it/semantic/seed_42/xsum/shadow_kv_plus/benchmark_hf_google_gemma-4-12B-it_public_dataset_xsum_semantic_cuda.json,2.090717685025044,2.2290124667195306,0.0
ag_news,-0.5418728894146977,shadow_kv,16.7845859375,12.11276060971144,25.95865145291043,27.10419735003597,,0.0,1.9592306252223468,google/gemma-4-E2B-it,16.694125,12.354820027378953,25.828202164092318,26.793880601053388,,,semantic,0,0,42,,,,,,,results_blackwell_semantic_seven_models_longprefix_n128_20260713/google_gemma-4-E2B-it/semantic/seed_42/ag_news/shadow_kv/benchmark_hf_google_gemma-4-E2B-it_public_dataset_ag_news_semantic_cuda.json,0.9949747278261064,0.9885509707232791,0.0
ag_news,13.955274310573328,shadow_kv_plus,14.3644140625,9.941939363404874,23.591343140552112,24.97881880053683,127,0.9921875,19.529873026292606,google/gemma-4-E2B-it,16.694125,12.354820027378953,25.828202164092318,26.793880601053388,127,0,semantic,127,16256,42,0,0,0,0,0,0.0,results_blackwell_semantic_seven_models_longprefix_n128_20260713/google_gemma-4-E2B-it/semantic/seed_42/ag_news/shadow_kv_plus/benchmark_hf_google_gemma-4-E2B-it_public_dataset_ag_news_semantic_cuda.json,1.0948169423933807,1.0726640364786806,0.0
alpaca_eval,1.4549894520669513,shadow_kv,16.375078125,11.532372807880883,25.40502752340501,26.449152850636892,,0.0,1.9199920758764348,google/gemma-4-E2B-it,16.6168515625,11.75812793245544,25.48377356268361,26.711854300629057,,,semantic,0,0,42,,,,,,,results_blackwell_semantic_seven_models_longprefix_n128_20260713/google_gemma-4-E2B-it/semantic/seed_42/alpaca_eval/shadow_kv/benchmark_hf_google_gemma-4-E2B-it_public_dataset_alpaca_eval_semantic_cuda.json,1.0030996242458723,1.0099323200056987,0.0
alpaca_eval,14.844023645047827,shadow_kv_plus,14.1502421875,9.606463827354958,23.30971229679335,25.066226449052916,127,0.9921875,18.299376545830395,google/gemma-4-E2B-it,16.6168515625,11.75812793245544,25.48377356268361,26.711854300629057,127,0,semantic,127,16256,42,0,0,0,0,0,0.0,results_blackwell_semantic_seven_models_longprefix_n128_20260713/google_gemma-4-E2B-it/semantic/seed_42/alpaca_eval/shadow_kv_plus/benchmark_hf_google_gemma-4-E2B-it_public_dataset_alpaca_eval_semantic_cuda.json,1.0932684727382644,1.0656512002283582,0.0
banking77,-1.5608504859022871,shadow_kv,16.6852734375,12.148657658924503,25.38711774995761,26.41788470073152,,0.0,-2.316121019233118,google/gemma-4-E2B-it,16.42884375,11.873649565585886,25.43903912493306,26.540586350620288,,,semantic,0,0,42,,,,,,,results_blackwell_semantic_seven_models_longprefix_n128_20260713/google_gemma-4-E2B-it/semantic/seed_42/banking77/shadow_kv/benchmark_hf_google_gemma-4-E2B-it_public_dataset_banking77_semantic_cuda.json,1.0020451858886399,1.0046446432512959,0.0
banking77,12.968378785025564,shadow_kv_plus,14.2982890625,9.693440561614825,23.315994851557775,24.830588950862875,127,0.9921875,18.36174288223978,google/gemma-4-E2B-it,16.42884375,11.873649565585886,25.43903912493306,26.540586350620288,127,0,semantic,127,16256,42,0,0,0,0,0,0.0,results_blackwell_semantic_seven_models_longprefix_n128_20260713/google_gemma-4-E2B-it/semantic/seed_42/banking77/shadow_kv_plus/benchmark_hf_google_gemma-4-E2B-it_public_dataset_banking77_semantic_cuda.json,1.0910552728670482,1.0688665662800556,0.0
cnn_dailymail,1.0451957214740217,shadow_kv,22.1778203125,16.872291222320733,33.982842203158725,36.560021699915524,,0.0,1.9430116427832198,google/gemma-4-E2B-it,22.4120703125,17.206617809692265,33.960713336057324,36.505238249719696,,,semantic,0,0,42,,,,,,,results_blackwell_semantic_seven_models_longprefix_n128_20260713/google_gemma-4-E2B-it/semantic/seed_42/cnn_dailymail/shadow_kv/benchmark_hf_google_gemma-4-E2B-it_public_dataset_cnn_dailymail_semantic_cuda.json,0.9993488223566143,0.9985015476564678,0.0
cnn_dailymail,52.129554909899625,shadow_kv_plus,10.7287578125,6.41945726883045,20.16732884382577,22.544909899716004,127,0.9921875,62.6919285368537,google/gemma-4-E2B-it,22.4120703125,17.206617809692265,33.960713336057324,36.505238249719696,127,0,semantic,127,16256,42,0,0,0,0,0,0.0,results_blackwell_semantic_seven_models_longprefix_n128_20260713/google_gemma-4-E2B-it/semantic/seed_42/cnn_dailymail/shadow_kv_plus/benchmark_hf_google_gemma-4-E2B-it_public_dataset_cnn_dailymail_semantic_cuda.json,1.683947021395171,1.6192230712875704,0.0
daily_dialog,-1.5527937608303195,shadow_kv,17.4577265625,12.675684560144305,26.58129024221978,29.310417699980462,,0.0,-2.612434389599183,google/gemma-4-E2B-it,17.1907890625,12.352971290026343,26.628402148531904,28.867473249920295,,,semantic,0,0,42,,,,,,,results_blackwell_semantic_seven_models_longprefix_n128_20260713/google_gemma-4-E2B-it/semantic/seed_42/daily_dialog/shadow_kv/benchmark_hf_google_gemma-4-E2B-it_public_dataset_daily_dialog_semantic_cuda.json,1.0017723709377093,0.9848878151586198,0.0
daily_dialog,14.072534301390496,shadow_kv_plus,14.771609375,10.318335550477064,23.213648570219902,24.519297050574092,127,0.9921875,16.47082059675814,google/gemma-4-E2B-it,17.1907890625,12.352971290026343,26.628402148531904,28.867473249920295,127,0,semantic,127,16256,42,0,0,0,0,0,0.0,results_blackwell_semantic_seven_models_longprefix_n128_20260713/google_gemma-4-E2B-it/semantic/seed_42/daily_dialog/shadow_kv_plus/benchmark_hf_google_gemma-4-E2B-it_public_dataset_daily_dialog_semantic_cuda.json,1.1471011145870749,1.1773369028637954,0.0
dolly,-2.9361252074014548,shadow_kv,17.4048984375,12.545111642480602,26.671915070309637,30.92761160041846,,0.0,-3.722147355422432,google/gemma-4-E2B-it,16.9084453125,12.094920865350522,26.69507645332203,30.940113450924397,,,semantic,0,0,42,,,,,,,results_blackwell_semantic_seven_models_longprefix_n128_20260713/google_gemma-4-E2B-it/semantic/seed_42/dolly/shadow_kv/benchmark_hf_google_gemma-4-E2B-it_public_dataset_dolly_semantic_cuda.json,1.000868380952449,1.0004042294202171,0.0
dolly,11.786408511648899,shadow_kv_plus,14.915546875,10.39803232497423,23.57673688295847,25.25948909978979,127,0.9921875,14.029761411978575,google/gemma-4-E2B-it,16.9084453125,12.094920865350522,26.69507645332203,30.940113450924397,127,0,semantic,127,16256,42,0,0,0,0,0,0.0,results_blackwell_semantic_seven_models_longprefix_n128_20260713/google_gemma-4-E2B-it/semantic/seed_42/dolly/shadow_kv_plus/benchmark_hf_google_gemma-4-E2B-it_public_dataset_dolly_semantic_cuda.json,1.1322634080298675,1.2248907065654737,0.0
oasst1,1.7686150261673799,shadow_kv,17.39140625,12.737576017822466,26.93140262489635,30.974222648910654,,0.0,2.3557536349868755,google/gemma-4-E2B-it,17.70453125,13.044881282822274,26.895850398489074,30.784188300276583,,,semantic,0,0,42,,,,,,,results_blackwell_semantic_seven_models_longprefix_n128_20260713/google_gemma-4-E2B-it/semantic/seed_42/oasst1/shadow_kv/benchmark_hf_google_gemma-4-E2B-it_public_dataset_oasst1_semantic_cuda.json,0.9986798969625738,0.9938647580994012,0.0
oasst1,17.48907853745068,shadow_kv_plus,14.608171875,10.143946182230398,23.32768912495453,24.654117100999425,127,0.9921875,22.238110395162266,google/gemma-4-E2B-it,17.70453125,13.044881282822274,26.895850398489074,30.784188300276583,127,0,semantic,127,16256,42,0,0,0,0,0,0.0,results_blackwell_semantic_seven_models_longprefix_n128_20260713/google_gemma-4-E2B-it/semantic/seed_42/oasst1/shadow_kv_plus/benchmark_hf_google_gemma-4-E2B-it_public_dataset_oasst1_semantic_cuda.json,1.152958197205978,1.2486429010685869,0.0
samsum,-1.589294446317077,shadow_kv,18.3892734375,13.44340321904443,28.33227770314295,33.17796774999806,,0.0,-2.2187321323515037,google/gemma-4-E2B-it,18.1015859375,13.151604347467433,28.25218714851019,33.02031400080523,,,semantic,0,0,42,,,,,,,results_blackwell_semantic_seven_models_longprefix_n128_20260713/google_gemma-4-E2B-it/semantic/seed_42/samsum/shadow_kv/benchmark_hf_google_gemma-4-E2B-it_public_dataset_samsum_semantic_cuda.json,0.9971731692216232,0.9952482397240006,0.0
samsum,25.78041547637185,shadow_kv_plus,13.434921875,8.924179191451145,21.902173218748544,23.188988601214078,127,0.9921875,32.14379815820989,google/gemma-4-E2B-it,18.1015859375,13.151604347467433,28.25218714851019,33.02031400080523,127,0,semantic,127,16256,42,0,0,0,0,0,0.0,results_blackwell_semantic_seven_models_longprefix_n128_20260713/google_gemma-4-E2B-it/semantic/seed_42/samsum/shadow_kv_plus/benchmark_hf_google_gemma-4-E2B-it_public_dataset_samsum_semantic_cuda.json,1.2899262035023058,1.4239652521575012,0.0
ultrachat,-3.479141579727206,shadow_kv,21.2081875,16.0699890077243,32.399521890638994,33.342946100219706,,0.0,-5.726189068104258,google/gemma-4-E2B-it,20.4951328125,15.199629485720614,32.30489028125305,33.49813555014407,,,semantic,0,0,42,,,,,,,results_blackwell_semantic_seven_models_longprefix_n128_20260713/google_gemma-4-E2B-it/semantic/seed_42/ultrachat/shadow_kv/benchmark_hf_google_gemma-4-E2B-it_public_dataset_ultrachat_semantic_cuda.json,0.9970792282149915,1.0046543412648032,0.0
ultrachat,37.51107827811252,shadow_kv_plus,12.8071875,8.233927083539548,21.400623124833373,23.60791365008481,127,0.9921875,45.82810659118394,google/gemma-4-E2B-it,20.4951328125,15.199629485720614,32.30489028125305,33.49813555014407,127,0,semantic,127,16256,42,0,0,0,0,0,0.0,results_blackwell_semantic_seven_models_longprefix_n128_20260713/google_gemma-4-E2B-it/semantic/seed_42/ultrachat/shadow_kv_plus/benchmark_hf_google_gemma-4-E2B-it_public_dataset_ultrachat_semantic_cuda.json,1.5095303577289916,1.4189367195530949,0.0
xsum,-1.4403748568610042,shadow_kv,21.08059375,15.912320149904023,31.946495085762194,35.42815900027561,,0.0,-3.161949577675033,google/gemma-4-E2B-it,20.781265625,15.424602011735885,32.02931497649786,35.25809555076193,,,semantic,0,0,42,,,,,,,results_blackwell_semantic_seven_models_longprefix_n128_20260713/google_gemma-4-E2B-it/semantic/seed_42/xsum/shadow_kv/benchmark_hf_google_gemma-4-E2B-it_public_dataset_xsum_semantic_cuda.json,1.0025924562463997,0.9951997661094284,0.0
xsum,46.75643101020225,shadow_kv_plus,11.0646875,6.7265449377491935,20.30419728129118,22.509094251017814,127,0.9921875,56.39080390773605,google/gemma-4-E2B-it,20.781265625,15.424602011735885,32.02931497649786,35.25809555076193,127,0,semantic,127,16256,42,0,0,0,0,0,0.0,results_blackwell_semantic_seven_models_longprefix_n128_20260713/google_gemma-4-E2B-it/semantic/seed_42/xsum/shadow_kv_plus/benchmark_hf_google_gemma-4-E2B-it_public_dataset_xsum_semantic_cuda.json,1.5774726049382168,1.5663933500641694,0.0
ag_news,-0.6919792186651367,shadow_kv,5.37375,2.2585264758355175,2.9079394140012482,3.6014892996263357,,0.0,-2.8090063876472815,gpt2,5.3368203125,2.196817725598488,3.154526031288185,3.9863403501840367,,,semantic,0,0,42,,,,,,,results_blackwell_semantic_seven_models_longprefix_n128_20260713/gpt2/semantic/seed_42/ag_news/shadow_kv/benchmark_hf_gpt2_public_dataset_ag_news_semantic_cuda.json,1.0847977148697332,1.1068588626926172,0.0
ag_news,-0.9379121755844092,shadow_kv_plus,5.386875,2.2033756934464757,3.6899208281013784,4.231757200068387,127,0.9921875,-0.2985212551578826,gpt2,5.3368203125,2.196817725598488,3.154526031288185,3.9863403501840367,127,0,semantic,127,16256,42,0,0,0,0,0,0.0,results_blackwell_semantic_seven_models_longprefix_n128_20260713/gpt2/semantic/seed_42/ag_news/shadow_kv_plus/benchmark_hf_gpt2_public_dataset_ag_news_semantic_cuda.json,0.8549034459667048,0.9420059237140581,0.0
alpaca_eval,-1.776959047754005,shadow_kv,5.3306875,2.261591747082149,2.899408023381511,3.565521450036612,,0.0,-12.725322408943342,gpt2,5.2376171875,2.006285454547274,2.9259583593272964,3.710513149871985,,,semantic,0,0,42,,,,,,,results_blackwell_semantic_seven_models_longprefix_n128_20260713/gpt2/semantic/seed_42/alpaca_eval/shadow_kv/benchmark_hf_gpt2_public_dataset_alpaca_eval_semantic_cuda.json,1.0091571575065246,1.0406649355128363,0.0
alpaca_eval,-4.584026312060453,shadow_kv_plus,5.4777109375,2.2561905812982057,4.142140195291688,4.802278599845521,127,0.9921875,-12.456110180359335,gpt2,5.2376171875,2.006285454547274,2.9259583593272964,3.710513149871985,127,0,semantic,127,16256,42,0,0,0,0,0,0.0,results_blackwell_semantic_seven_models_longprefix_n128_20260713/gpt2/semantic/seed_42/alpaca_eval/shadow_kv_plus/benchmark_hf_gpt2_public_dataset_alpaca_eval_semantic_cuda.json,0.7063880557816927,0.7726567862996004,0.0
banking77,0.3868595945651689,shadow_kv,5.2202421875,2.003331298511962,2.9001400390455956,3.587253550085734,,0.0,8.74035929071679,gpt2,5.240515625,2.195199633640654,2.7716964062705074,3.453688949684873,,,semantic,0,0,42,,,,,,,results_blackwell_semantic_seven_models_longprefix_n128_20260713/gpt2/semantic/seed_42/banking77/shadow_kv/benchmark_hf_gpt2_public_dataset_banking77_semantic_cuda.json,0.9557112308213374,0.9627668915687132,0.0
banking77,-1.4371200353018847,shadow_kv_plus,5.315828125,2.2251479407019095,3.9353709296818806,4.409497800315876,127,0.9921875,-1.3642634866692058,gpt2,5.240515625,2.195199633640654,2.7716964062705074,3.453688949684873,127,0,semantic,127,16256,42,0,0,0,0,0,0.0,results_blackwell_semantic_seven_models_longprefix_n128_20260713/gpt2/semantic/seed_42/banking77/shadow_kv_plus/benchmark_hf_gpt2_public_dataset_banking77_semantic_cuda.json,0.7043037253147977,0.7832386149364825,0.0
cnn_dailymail,-1.0332058313371213,shadow_kv,5.56540625,2.438482454239841,2.8558827500049233,3.4159445005570888,,0.0,-1.452474934149985,gpt2,5.5084921875,2.403571185249638,2.9558499296769014,3.6036155495821722,,,semantic,0,0,42,,,,,,,results_blackwell_semantic_seven_models_longprefix_n128_20260713/gpt2/semantic/seed_42/cnn_dailymail/shadow_kv/benchmark_hf_gpt2_public_dataset_cnn_dailymail_semantic_cuda.json,1.0350039509401447,1.0549397242825453,0.0
cnn_dailymail,7.603175211002335,shadow_kv_plus,5.089671875,1.6996800740059665,3.715349750002872,4.3831696504639694,127,0.9921875,29.285220074335538,gpt2,5.5084921875,2.403571185249638,2.9558499296769014,3.6036155495821722,127,0,semantic,127,16256,42,0,0,0,0,0,0.0,results_blackwell_semantic_seven_models_longprefix_n128_20260713/gpt2/semantic/seed_42/cnn_dailymail/shadow_kv_plus/benchmark_hf_gpt2_public_dataset_cnn_dailymail_semantic_cuda.json,0.795577840195157,0.8221483166184819,0.0
daily_dialog,-0.5482449629158948,shadow_kv,5.2913828125,2.1165800653682827,2.797330500001749,3.409208899847726,,0.0,-1.2508515485374405,gpt2,5.26253125,2.0904318660012855,3.0577592889926564,3.640175200052908,,,semantic,0,0,42,,,,,,,results_blackwell_semantic_seven_models_longprefix_n128_20260713/gpt2/semantic/seed_42/daily_dialog/shadow_kv/benchmark_hf_gpt2_public_dataset_daily_dialog_semantic_cuda.json,1.0930990417438142,1.067747769934397,0.0
daily_dialog,-6.827305063509113,shadow_kv_plus,5.6218203125,2.0712640666867763,4.034579179716502,4.490282300503168,127,0.9921875,0.9169301150759149,gpt2,5.26253125,2.0904318660012855,3.0577592889926564,3.640175200052908,127,0,semantic,127,16256,42,0,0,0,0,0,0.0,results_blackwell_semantic_seven_models_longprefix_n128_20260713/gpt2/semantic/seed_42/daily_dialog/shadow_kv_plus/benchmark_hf_gpt2_public_dataset_daily_dialog_semantic_cuda.json,0.7578880356011544,0.8106784732988839,0.0
dolly,-0.6056518014441112,shadow_kv,5.523203125,1.9965916171345484,3.1785492813440896,3.87129490013649,,0.0,-3.382180566401316,gpt2,5.489953125,1.93127249415305,3.2176163202919383,3.793933449378528,,,semantic,0,0,42,,,,,,,results_blackwell_semantic_seven_models_longprefix_n128_20260713/gpt2/semantic/seed_42/dolly/shadow_kv/benchmark_hf_gpt2_public_dataset_dolly_semantic_cuda.json,1.0122908394647663,0.9800166474645902,0.0
dolly,-1.1610697951086775,shadow_kv_plus,5.5536953125,1.8570599430069774,4.240904195370376,4.645965000190699,127,0.9921875,3.8426763375314397,gpt2,5.489953125,1.93127249415305,3.2176163202919383,3.793933449378528,127,0,semantic,127,16256,42,0,0,0,0,0,0.0,results_blackwell_semantic_seven_models_longprefix_n128_20260713/gpt2/semantic/seed_42/dolly/shadow_kv_plus/benchmark_hf_gpt2_public_dataset_dolly_semantic_cuda.json,0.7587099760009858,0.8166082717417805,0.0
oasst1,-1.7439520702205265,shadow_kv,5.431640625,1.8978121219626152,3.110073882744757,3.7218683495666482,,0.0,11.108098964338337,gpt2,5.3385390625,2.1349662903499507,2.789039062506049,3.4164677008448048,,,semantic,0,0,42,,,,,,,results_blackwell_semantic_seven_models_longprefix_n128_20260713/gpt2/semantic/seed_42/oasst1/shadow_kv/benchmark_hf_gpt2_public_dataset_oasst1_semantic_cuda.json,0.8967758219443382,0.9179442634618168,0.0
oasst1,0.420292887947744,shadow_kv_plus,5.3161015625,2.2095927547538765,3.9341859452406425,4.355158199859943,127,0.9921875,-3.495439939320706,gpt2,5.3385390625,2.1349662903499507,2.789039062506049,3.4164677008448048,127,0,semantic,127,16256,42,0,0,0,0,0,0.0,results_blackwell_semantic_seven_models_longprefix_n128_20260713/gpt2/semantic/seed_42/oasst1/shadow_kv_plus/benchmark_hf_gpt2_public_dataset_oasst1_semantic_cuda.json,0.7089240573084941,0.7844646609977737,0.0
samsum,-0.808730134369352,shadow_kv,5.38821875,2.1385943969583243,3.127710125063743,3.788948999999775,,0.0,0.6030623369408968,gpt2,5.3449921875,2.1515697034931223,3.1147743672264028,3.7223322503905365,,,semantic,0,0,42,,,,,,,results_blackwell_semantic_seven_models_longprefix_n128_20260713/gpt2/semantic/seed_42/samsum/shadow_kv/benchmark_hf_gpt2_public_dataset_samsum_semantic_cuda.json,0.9958641442716574,0.982418145609972,0.0
samsum,1.4259843106646222,shadow_kv_plus,5.2687734375,2.115534868290004,4.00134828131371,4.490310751225479,127,0.9921875,1.6748160724058694,gpt2,5.3449921875,2.1515697034931223,3.1147743672264028,3.7223322503905365,127,0,semantic,127,16256,42,0,0,0,0,0,0.0,results_blackwell_semantic_seven_models_longprefix_n128_20260713/gpt2/semantic/seed_42/samsum/shadow_kv_plus/benchmark_hf_gpt2_public_dataset_samsum_semantic_cuda.json,0.7784312057444221,0.8289698545639967,0.0
ultrachat,-3.143486345735755,shadow_kv,5.737453125,2.469847028411418,3.2048645937621245,3.96549545016569,,0.0,-4.602616512524992,gpt2,5.56259375,2.3611713652647315,3.235549445278707,3.725642100607729,,,semantic,0,0,42,,,,,,,results_blackwell_semantic_seven_models_longprefix_n128_20260713/gpt2/semantic/seed_42/ultrachat/shadow_kv/benchmark_hf_gpt2_public_dataset_ultrachat_semantic_cuda.json,1.0095744611414494,0.9395149099091921,0.0
ultrachat,0.8852378892490573,shadow_kv_plus,5.5133515625,1.8432916728956243,4.224754828122457,4.856122949877317,127,0.9921875,21.933168425962304,gpt2,5.56259375,2.3611713652647315,3.235549445278707,3.725642100607729,127,0,semantic,127,16256,42,0,0,0,0,0,0.0,results_blackwell_semantic_seven_models_longprefix_n128_20260713/gpt2/semantic/seed_42/ultrachat/shadow_kv_plus/benchmark_hf_gpt2_public_dataset_ultrachat_semantic_cuda.json,0.7658549612727783,0.7672050603047131,0.0
xsum,-2.824741812802556,shadow_kv,5.821390625,2.2074224428584923,3.49870592965118,4.270720399927086,,0.0,-6.8988475569313765,gpt2,5.66146875,2.064963742179615,3.2562500859043553,4.150750949611391,,,semantic,0,0,42,,,,,,,results_blackwell_semantic_seven_models_longprefix_n128_20260713/gpt2/semantic/seed_42/xsum/shadow_kv/benchmark_hf_gpt2_public_dataset_xsum_semantic_cuda.json,0.9307012796668517,0.9719088493084812,0.0
xsum,5.530670596742225,shadow_kv_plus,5.3483515625,1.5921614980354915,4.130572671883215,4.879708249700342,127,0.9921875,22.896394473496684,gpt2,5.66146875,2.064963742179615,3.2562500859043553,4.150750949611391,127,0,semantic,127,16256,42,0,0,0,0,0,0.0,results_blackwell_semantic_seven_models_longprefix_n128_20260713/gpt2/semantic/seed_42/xsum/shadow_kv_plus/benchmark_hf_gpt2_public_dataset_xsum_semantic_cuda.json,0.7883289666030164,0.8506145730877013,0.0
ag_news,-0.5908281364863712,shadow_kv,18.73990625,13.601711865887504,23.986656195262412,27.890699100362326,,0.0,-1.5604457909183729,microsoft/Phi-3-mini-4k-instruct,18.6298359375,13.392725642312788,24.01132463281641,27.731981200076916,,,semantic,0,0,42,,,,,,,results_blackwell_semantic_seven_models_longprefix_n128_20260713/microsoft_Phi-3-mini-4k-instruct/semantic/seed_42/ag_news/shadow_kv/benchmark_hf_microsoft_Phi-3-mini-4k-instruct_public_dataset_ag_news_semantic_cuda.json,1.0010284233597708,0.9943092892826287,0.0
ag_news,2.272144942231872,shadow_kv_plus,18.2065390625,12.749856590599391,26.05828413284428,27.763619550069052,127,0.9921875,4.800136050590971,microsoft/Phi-3-mini-4k-instruct,18.6298359375,13.392725642312788,24.01132463281641,27.731981200076916,127,0,semantic,127,16256,42,0,0,0,0,0,0.0,results_blackwell_semantic_seven_models_longprefix_n128_20260713/microsoft_Phi-3-mini-4k-instruct/semantic/seed_42/ag_news/shadow_kv_plus/benchmark_hf_microsoft_Phi-3-mini-4k-instruct_public_dataset_ag_news_semantic_cuda.json,0.9214468807849153,0.9988604385701555,0.0
alpaca_eval,0.20949835865458682,shadow_kv,19.376984375,14.458820406735878,23.48298155474282,26.239006500099983,,0.0,-2.0246196225980593,microsoft/Phi-3-mini-4k-instruct,19.4176640625,14.171893470635695,23.527346632796764,26.323288900357497,,,semantic,0,0,42,,,,,,,results_blackwell_semantic_seven_models_longprefix_n128_20260713/microsoft_Phi-3-mini-4k-instruct/semantic/seed_42/alpaca_eval/shadow_kv/benchmark_hf_microsoft_Phi-3-mini-4k-instruct_public_dataset_alpaca_eval_semantic_cuda.json,1.0018892438317732,1.003212103333912,0.0
alpaca_eval,6.319350816609056,shadow_kv_plus,18.19059375,12.646753813441528,25.14601931247995,26.81518099989262,127,0.9921875,10.761721151476841,microsoft/Phi-3-mini-4k-instruct,19.4176640625,14.171893470635695,23.527346632796764,26.323288900357497,127,0,semantic,127,16256,42,0,0,0,0,0,0.0,results_blackwell_semantic_seven_models_longprefix_n128_20260713/microsoft_Phi-3-mini-4k-instruct/semantic/seed_42/alpaca_eval/shadow_kv_plus/benchmark_hf_microsoft_Phi-3-mini-4k-instruct_public_dataset_alpaca_eval_semantic_cuda.json,0.9356290687775046,0.9816562081181891,0.0
banking77,-3.1294364128744996,shadow_kv,19.09746875,13.98872386568679,23.15643471878559,23.89026195060069,,0.0,-5.405745033240112,microsoft/Phi-3-mini-4k-instruct,18.5179609375,13.27131064941042,23.097693523347118,23.908299449749393,,,semantic,0,0,42,,,,,,,results_blackwell_semantic_seven_models_longprefix_n128_20260713/microsoft_Phi-3-mini-4k-instruct/semantic/seed_42/banking77/shadow_kv/benchmark_hf_microsoft_Phi-3-mini-4k-instruct_public_dataset_banking77_semantic_cuda.json,0.9974632884486826,1.0007550147079174,0.0
banking77,1.2489141665249854,shadow_kv_plus,18.2866875,12.663492237552875,25.10379635941007,25.854523799625895,127,0.9921875,4.579942613916191,microsoft/Phi-3-mini-4k-instruct,18.5179609375,13.27131064941042,23.097693523347118,23.908299449749393,127,0,semantic,127,16256,42,0,0,0,0,0,0.0,results_blackwell_semantic_seven_models_longprefix_n128_20260713/microsoft_Phi-3-mini-4k-instruct/semantic/seed_42/banking77/shadow_kv_plus/benchmark_hf_microsoft_Phi-3-mini-4k-instruct_public_dataset_banking77_semantic_cuda.json,0.9200876709107397,0.924724030310523,0.0
cnn_dailymail,1.406738038860795,shadow_kv,26.300484375,20.542050565229026,33.40010212502875,36.110739699779515,,0.0,-0.21684347746357224,microsoft/Phi-3-mini-4k-instruct,26.6757421875,20.49760285041152,34.82606973438607,37.50953679968916,,,semantic,0,0,42,,,,,,,results_blackwell_semantic_seven_models_longprefix_n128_20260713/microsoft_Phi-3-mini-4k-instruct/semantic/seed_42/cnn_dailymail/shadow_kv/benchmark_hf_microsoft_Phi-3-mini-4k-instruct_public_dataset_cnn_dailymail_semantic_cuda.json,1.042693510457525,1.0387363181020128,0.0
cnn_dailymail,-5.468158541746292,shadow_kv_plus,28.1344140625,22.431506379480464,40.10526686725768,41.282988549619404,127,0.9921875,-9.434778999194611,microsoft/Phi-3-mini-4k-instruct,26.6757421875,20.49760285041152,34.82606973438607,37.50953679968916,127,0,semantic,127,16256,42,0,0,0,0,0,0.0,results_blackwell_semantic_seven_models_longprefix_n128_20260713/microsoft_Phi-3-mini-4k-instruct/semantic/seed_42/cnn_dailymail/shadow_kv_plus/benchmark_hf_microsoft_Phi-3-mini-4k-instruct_public_dataset_cnn_dailymail_semantic_cuda.json,0.8683664878644256,0.9085954800632999,0.0
daily_dialog,-1.212380008094826,shadow_kv,20.591453125,15.9954927946901,24.836021148374243,27.421564250244046,,0.0,-1.3575143108486605,microsoft/Phi-3-mini-4k-instruct,20.344796875,15.781259932671855,24.8579345703277,27.58441565006251,,,semantic,0,0,42,,,,,,,results_blackwell_semantic_seven_models_longprefix_n128_20260713/microsoft_Phi-3-mini-4k-instruct/semantic/seed_42/daily_dialog/shadow_kv/benchmark_hf_microsoft_Phi-3-mini-4k-instruct_public_dataset_daily_dialog_semantic_cuda.json,1.0008823241783595,1.0059388078058682,0.0
daily_dialog,5.456938851840966,shadow_kv_plus,19.23459375,14.569426723274612,26.17181665629431,27.81105784997635,127,0.9921875,7.678938275950904,microsoft/Phi-3-mini-4k-instruct,20.344796875,15.781259932671855,24.8579345703277,27.58441565006251,127,0,semantic,127,16256,42,0,0,0,0,0,0.0,results_blackwell_semantic_seven_models_longprefix_n128_20260713/microsoft_Phi-3-mini-4k-instruct/semantic/seed_42/daily_dialog/shadow_kv_plus/benchmark_hf_microsoft_Phi-3-mini-4k-instruct_public_dataset_daily_dialog_semantic_cuda.json,0.9497978262945449,0.9918506444042353,0.0
dolly,-0.6057836378774238,shadow_kv,19.503484375,15.011910832579321,24.463809726576358,30.853048200151534,,0.0,-3.1118398074861493,microsoft/Phi-3-mini-4k-instruct,19.386046875,14.558862358199745,24.50901982810194,30.647420999730457,,,semantic,0,0,42,,,,,,,results_blackwell_semantic_seven_models_longprefix_n128_20260713/microsoft_Phi-3-mini-4k-instruct/semantic/seed_42/dolly/shadow_kv/benchmark_hf_microsoft_Phi-3-mini-4k-instruct_public_dataset_dolly_semantic_cuda.json,1.0018480401062173,0.9933352711509371,0.0
dolly,0.12037491527008713,shadow_kv_plus,19.3627109375,14.374172964978388,26.185376132808358,33.29346525006258,127,0.9921875,1.2685702266931382,microsoft/Phi-3-mini-4k-instruct,19.386046875,14.558862358199745,24.50901982810194,30.647420999730457,127,0,semantic,127,16256,42,0,0,0,0,0,0.0,results_blackwell_semantic_seven_models_longprefix_n128_20260713/microsoft_Phi-3-mini-4k-instruct/semantic/seed_42/dolly/shadow_kv_plus/benchmark_hf_microsoft_Phi-3-mini-4k-instruct_public_dataset_dolly_semantic_cuda.json,0.9359812020188603,0.9205236153564054,0.0
oasst1,0.3738262816710267,shadow_kv,20.3896328125,15.477975073284,25.36911754691573,30.653928300444022,,0.0,1.5943230511772042,microsoft/Phi-3-mini-4k-instruct,20.466140625,15.728742033179174,25.30977417967506,30.729424350238332,,,semantic,0,0,42,,,,,,,results_blackwell_semantic_seven_models_longprefix_n128_20260713/microsoft_Phi-3-mini-4k-instruct/semantic/seed_42/oasst1/shadow_kv/benchmark_hf_microsoft_Phi-3-mini-4k-instruct_public_dataset_oasst1_semantic_cuda.json,0.9976608028587937,1.0024628507333337,0.0
oasst1,4.0446759243354045,shadow_kv_plus,19.6383515625,14.71125121121444,27.015322023466126,33.55549489979239,127,0.9921875,6.468990462291108,microsoft/Phi-3-mini-4k-instruct,20.466140625,15.728742033179174,25.30977417967506,30.729424350238332,127,0,semantic,127,16256,42,0,0,0,0,0,0.0,results_blackwell_semantic_seven_models_longprefix_n128_20260713/microsoft_Phi-3-mini-4k-instruct/semantic/seed_42/oasst1/shadow_kv_plus/benchmark_hf_microsoft_Phi-3-mini-4k-instruct_public_dataset_oasst1_semantic_cuda.json,0.9368673879841377,0.9157792022441146,0.0
samsum,0.04663178404885729,shadow_kv,21.401109375,16.4413614883336,27.18851124992483,32.39041479973821,,0.0,2.115535857230135,microsoft/Phi-3-mini-4k-instruct,21.41109375,16.796701736399122,27.094239593729696,32.614939699851675,,,semantic,0,0,42,,,,,,,results_blackwell_semantic_seven_models_longprefix_n128_20260713/microsoft_Phi-3-mini-4k-instruct/semantic/seed_42/samsum/shadow_kv/benchmark_hf_microsoft_Phi-3-mini-4k-instruct_public_dataset_samsum_semantic_cuda.json,0.99653266575251,1.0069318315773863,0.0
samsum,-0.845575088848508,shadow_kv_plus,21.592140625,16.796247840577948,28.995306414103084,37.69866235043082,127,0.9921875,0.0027022913682531718,microsoft/Phi-3-mini-4k-instruct,21.41109375,16.796701736399122,27.094239593729696,32.614939699851675,127,0,semantic,127,16256,42,0,0,0,0,0,0.0,results_blackwell_semantic_seven_models_longprefix_n128_20260713/microsoft_Phi-3-mini-4k-instruct/semantic/seed_42/samsum/shadow_kv_plus/benchmark_hf_microsoft_Phi-3-mini-4k-instruct_public_dataset_samsum_semantic_cuda.json,0.9344353602192415,0.8651484606184959,0.0
ultrachat,-1.5158450574699447,shadow_kv,24.794,19.674090313092293,31.4446312420813,33.17563454907031,,0.0,-1.4027300302449441,microsoft/Phi-3-mini-4k-instruct,24.4237734375,19.401933564534396,31.608324492147233,32.964681150269826,,,semantic,0,0,42,,,,,,,results_blackwell_semantic_seven_models_longprefix_n128_20260713/microsoft_Phi-3-mini-4k-instruct/semantic/seed_42/ultrachat/shadow_kv/benchmark_hf_microsoft_Phi-3-mini-4k-instruct_public_dataset_ultrachat_semantic_cuda.json,1.0052057614797807,0.9936413153307297,0.0
ultrachat,-7.393411196762376,shadow_kv_plus,26.2295234375,20.802805900019106,36.60246328130512,38.951882299761564,127,0.9921875,-7.220271787990362,microsoft/Phi-3-mini-4k-instruct,24.4237734375,19.401933564534396,31.608324492147233,32.964681150269826,127,0,semantic,127,16256,42,0,0,0,0,0,0.0,results_blackwell_semantic_seven_models_longprefix_n128_20260713/microsoft_Phi-3-mini-4k-instruct/semantic/seed_42/ultrachat/shadow_kv_plus/benchmark_hf_microsoft_Phi-3-mini-4k-instruct_public_dataset_ultrachat_semantic_cuda.json,0.8635573034859468,0.846292379315174,0.0
xsum,-0.8407238330300767,shadow_kv,24.9991875,19.63231983132591,31.521881507821092,33.826458099701995,,0.0,-0.16400837940667504,microsoft/Phi-3-mini-4k-instruct,24.790765625,19.600173903745485,31.514006156228902,33.69611919970339,,,semantic,0,0,42,,,,,,,results_blackwell_semantic_seven_models_longprefix_n128_20260713/microsoft_Phi-3-mini-4k-instruct/semantic/seed_42/xsum/shadow_kv/benchmark_hf_microsoft_Phi-3-mini-4k-instruct_public_dataset_xsum_semantic_cuda.json,0.9997501623883005,0.9961468357220719,0.0
xsum,-3.5034466588806703,shadow_kv_plus,25.659296875,19.95498708043846,36.504901976620374,40.31388870039336,127,0.9921875,-1.8102552479147755,microsoft/Phi-3-mini-4k-instruct,24.790765625,19.600173903745485,31.514006156228902,33.69611919970339,127,0,semantic,127,16256,42,0,0,0,0,0,0.0,results_blackwell_semantic_seven_models_longprefix_n128_20260713/microsoft_Phi-3-mini-4k-instruct/semantic/seed_42/xsum/shadow_kv_plus/benchmark_hf_microsoft_Phi-3-mini-4k-instruct_public_dataset_xsum_semantic_cuda.json,0.8632814896041112,0.8358439308628294,0.0
